,0
0,@Danielmaran0 You can use a app that tells you who is not following you. I use unfollower stats.
1,"âœ¨ Stolen Kiss

Deeznutstk would kiss you around the corner... ğŸ˜
And you, who would do it?

â¡ï¸ https://t.co/llDPeQ5vSy https://t.co/7dcTbshn7c"
2,"â€œThere are two different kinds of ninja. Those like you who are born with a natural talent &amp; do not have to work at it &amp; those like me! The ones who have to train everyday of our lives!â€ - Rock Lee 

New drip from @hypland ğŸ¥·ğŸ½ https://t.co/T19o1BkAv8"
3,"@thereidout @JRubinBlogger They have literally said they would prefer to die than compromise with Democrats. 

When someone shows you who they are, believe them."
4,"âœ¨ Stolen Kiss

KR1SHIEIJI would kiss you around the corner... ğŸ˜
And you, who would do it?

â¡ï¸ https://t.co/FRXFT3os5H https://t.co/l2YzeGFk08"
5,"Annie, Jesus said come to Me all you who are heavy laden ( depressed) and I will give you rest. Lay your burdens on Him, He loves you because you are His precious child. God give you peace! https://t.co/fgWjORb51y"
6,"unlike you, who have to go through 'Marriage' to acquire his last name, i will obtain his last name by slaying him on the top of a mountain and taking it for my own"
7,"I just realized something... if you live with a roommate who keeps letting some asshole live with you who keeps stealing from him and moving back in over and over, you can basically steal whatever you want. Everything in the house now belongs to you."
8,"@RWMaloneMD We are living in sad times, but thank God we have scientist like you who stand behind their convictions!"
9,"âœ¨ New Year's Kiss

I'm preparing my best last year kiss and first of the next year KAW4GAR1 ğŸ˜˜ğŸ’•
And you, who will you kiss at midnight?

â¡ï¸ https://t.co/gaqoUjszbP https://t.co/pVthwVvVKm"
10,"@mixedracemagic @BritniDWrites @SincerelyTops So. Why do I get to gate keep an identity that had always included a wide range of skin tones?

Simply because YOU who admits or at least says you don't present as Black, believe anyone with mixed race should be excluded. https://t.co/vZIeAGMyCH"
11,"@anoepiphany now ur saying that, ur really desperate to find ways to slander them. They will grow even more. Their growth isnt in a fast pace, but one day more people will recognize their talent and music. ig unlike you who's jobless with no life"
12,"This from the man who tells you who you can have in your own home. 
Another rules for thee but not for me ruler right here. https://t.co/4KkuFt7EZY"
13,@caroljsroth Itâ€™s people like you who keep most of us on @twitter.
14,"âœ¨ Stolen Kiss

Henry_Stickmin_ would kiss you around the corner... ğŸ˜
And you, who would do it?

â¡ï¸ https://t.co/qGrXzg94k2 https://t.co/Sge4QQScGz"
15,@ratattatattata2 I think its you who ned a brain.. im literally trying to explain to you and giving you both sides of the story with those threads but just cant seem to read it ğŸ¤·â€â™€ï¸ im not gonna argue with someone who cant give me facts and points. Keep it up defending YD!! Goodluck tho
16,"@ActivateLearn Yes. And while it's galling to a lot of us, it must have an extra flavour for someone like you who did serve."
17,"Getting your COVID-19 vaccine isnâ€™t just about keeping you healthy; itâ€™s also about protecting everyone around you who could become very sick from COVID-19.

Get your vaccine: https://t.co/jFSppSuYCx. https://t.co/gxGV1DcSLk"
18,"As if itâ€™s been promised, I mumble by myself in front of you, who canâ€™t hear
I want to go to you"
19,"When someone shows you who they are, believe them the first time."
20,"@VariantTiresias @arizona_bonnie @anthonyzenkus @IbaraEleven @SenSchumer @AdelphiU @Columbia Don't be stupid. I don't think either is worth losing sleep over. It's people like you who are convinced that this is something beause people like Zenkus-no friend to women at all-tell you nonsense. Children don't like adults, no crime."
21,"âœ¨ New Year's Kiss

I'm preparing my best last year kiss and first of the next year _Charles_Calvin ğŸ˜˜ğŸ’•
And you, who will you kiss at midnight?

â¡ï¸ https://t.co/bEvpY2PdTA https://t.co/olE6nbFfgY"
22,"@Sunshin00252093 @Hollywo30274033 @molejoels14 @MaajidNawaz Donâ€™t forget to fight for the freedom of the nurses and doctors you expect to care for you, who will be exposed to high viral loads of COVID every day. For Australian healthcare workers, their struggle may only just be beginning if we donâ€™t get high vaccination rates."
23,"@Boboog1 Itâ€™s called brotherly love, if I nor care fr you who will?"
24,@patriottakes Well he can ride a bike &amp; run unlike you who couldnâ€™t even walk down a ramp
25,ğŸ‘‡ğŸ¼ğŸ‘‡ğŸ¼ğŸ‘‡ğŸ¼ğŸ‘‡ğŸ¼ğŸ‘‡ğŸ¼ğŸ‘‡ğŸ¼ it is you who has to give up snake ğŸ !!!!  Ozan doesn't love you https://t.co/jHmdkGPuQ2
26,"@beloved_june Maybe itâ€™ll happen for you, who knows.  Iâ€™m 10-11 years in and really starting to have fun in life."
27,"@marinasmigielsk Yeah.....so cool... Good for you, who gives a shit, you didn't provide any proof.... Just gave some silly made up titles for crazy liberals..."
28,"@laurenboebert Hey Bobo, the people that want to come here could make significant contributions to our country as previous immigrants have. Of course, there are exceptions to this, e.g., people like you who are very unproductive."
29,"de: anÃ´nimo 
para: @sIipipoca 

i say it's you who wipe my tears and brings the light into my darkness"
30,"âœ¨ New Year's Kiss

I'm preparing my best last year kiss and first of the next year TheNotoriousHRT ğŸ˜˜ğŸ’•
And you, who will you kiss at midnight?

â¡ï¸ https://t.co/4ADkmcfbSR https://t.co/2z2nEQ1ByL"
31,"â€œCome to me all you who are weary and burdened and I will give you rest. Take my yoke upon you and learn from me for I am gentle and humble of heart and you will find rest for your souls. For my yoke is easy and my burden is light.â€
- Matthew 11:28-30"
32,@EngelsFreddie @Sethrogen Does that mean youâ€™re a moron for trying to correct someone on social media only to find out that itâ€™s you who doesnâ€™t know what theyâ€™re talking about?  Maybe actually use your brain before trying to be â€œsmartâ€ next time lolâ€¦
33,"@beakemi Sometimes it's hard to open up to people. They might listen but (some of them) will not understand (the pain).

But it's always great to know that there are still people like you who are willing to listen. That's a huge help. ğŸ˜Š"
34,"@luvyouneighbor @johnpavlovitz I am a Christian, you're lying again.  I rebuke homophobes, people like you who do not follow Christ's teachings on anything.  You are lying again.  Don't you know that telling lies is a sin?"
35,the stars would be so proud to know that their atoms created someonelike you who manages to complement you in every way
36,"âœ¨ Stolen Kiss

bananabiemilk would kiss you around the corner... ğŸ˜
And you, who would do it?

â¡ï¸ https://t.co/O7JSCjON46 https://t.co/5aSOhhUBj9"
37,"â€œWhen someone shows you who they are, believe them the first time.â€ Right @GovStitt?

https://t.co/RluambbuHN"
38,"âœ¨ Stolen Kiss

sebhersey would kiss you around the corner... ğŸ˜
And you, who would do it?

â¡ï¸ https://t.co/a2ZVqSGIOs https://t.co/fYOsJtqBUS"
39,"@JustinCarterW @Amalutmani @JustinTrudeau @francoislegault @jjhorgan @fordnation @FureyAndrew And yes, Iâ€™m frustrated with people like you, who just want to blame Justin for taking care of Canadians while giving conservative premiers like kenney and Ford a free pass"
40,@NPR Same thing with so many cases. Itâ€™s you who donâ€™t cover it so maybe start covering your or learning from the independent reporters that do.
41,Ohh ahhh look at you who claimed to be not sexually interested in no genders. Ohh ahh look at you now. How does it feels? Sweet like honey. Smooth like butter. Get it let it roll~
42,@amyphanwest Good luck. We need more people like you who understand what it's like where we are headed.
43,"when someone tells you who they are, believe it and Joe Biden has been telling us who he is for over 40 years now

If you thought ""nothing will fundamentally change""  would be positive,  then you seriously have no business purporting to gaf about anything but the bottom line"
44,@dreamingkass Nobody cares itâ€™s not you whoâ€™s making the games.
45,@ElijahKyama We all remind you whoâ€™s on the wheelğŸ˜‚#Ole
46,@bUrNtOuT32 @Conserv11190902 @CodyIsAGoodBoy @DonaldJTrumpJr If itâ€™s so effective and so great then me not having it shouldnâ€™t effect you. Also youâ€™re missing the point here bud. If I had the virus I do not need the vaccine because you whoâ€™s vaccinated and me whoâ€™s had the virus both have the same antibodies. Dummy.
47,"[Giveaway]

ğŸ– ""catlandia"" is open ğŸ–
Come get some DIYs or items you donâ€™t have! Please be mindful of others behind you who want some too.

Shops are open, f...

Join here ğŸ‘‰ https://t.co/tupbzL97d3

#ACNH #ACNHgiveaway #ACNHtrade"
48,iâ€™m a sophomore in college who has alot of labs to conduct and report and a coding class that takes up me whole weekend but yet and still i take the time out my day to stream and maintain aâ€™s and high bâ€™s unlike you who is projecting https://t.co/pZT51QmBsa
49,@valensrutagengw @OtimMichael @aimarulinda @brendamutesi3 @LucyHockingsBBC @ckanimba @BBCWorld @freethehero @ahbobin @shinani1 @DavidHimbara @JudiRever @AnaiseKanimba @kittykurth @JaynieMarie See how many people calling his freedom and How many are you who want to deny his rights then come back with your research.
50,@kimmybtw you think you who
51,"@BusyElonMusk @HogeFinance @HogeMarketing is that you who put hundreds of hours of work for free to improve hoge project token?
doesn't seems like
who are you and what have you done for this community project?
where is your value in this project?
what is your purpose?
bitching isn't a purpose in a community project."
52,"@JeffTheGK @thegkonline Galatians 6:1a
Brethren, even if anyone is caught in any trespass, you who are spiritual, restore such a one in a spirit of gentleness;"
53,"@ZorroTheAvenger @AliBeckZeck Says you who got 2 ""experimental jabs"" and has no clue what's in the jab. You got those longitudinal studies for the safe and effective jab. Nope cuz there isn't any. You know what was in that jab? Nope you have no clue. But you have ""been assimilated"""
54,"Jika tidak ingin disakiti orang lain, jangan beri atau terima apapun (You Who Come From The Star)"
55,"I've said it before and I'll say it again. Susan ğŸ‘ fucking ğŸ‘ Collins. Or . . . when someone shows you who they are the first, second, and third time, believe them. #SusanCollinsIsAHypocrite https://t.co/k0A8CKpCuD"
56,"For you who are sad to read the Bible's description of #animal #sacrifices.
#Jesus brought complete #peace to the present day on the cross. So you never have to kill #animals with human hands forever.
Today the animals are our friends!
#Bible #Vegan #vegetarian #Love #Sacrifice"
57,"âœ¨ Stolen Kiss

lixpetistt would kiss you around the corner... ğŸ˜
And you, who would do it?

â¡ï¸ https://t.co/pnVmhOk0dc https://t.co/e1WjOB0Uvn"
58,"@colinbrazierGBN *â€œRacistâ€ remarks. 

But wasnâ€™t it you who put Ezra Levant on TV? You seem to like racists."
59,"I know I am in no position to say anything right now, but still, let me say thisâ€” What do you even know about Doppo?! He tries his best with his life! And yet, you, who knows nothing is running his mouthâ€¦ I donâ€™t want to hear it!"
60,"âœ¨ New Year's Kiss

I'm preparing my best last year kiss and first of the next year shivxnr ğŸ˜˜ğŸ’•
And you, who will you kiss at midnight?

â¡ï¸ https://t.co/AlkA5RGi9P https://t.co/6Kkz1kj5Hq"
61,"you who swallowed a falling star, o heartless man, your heart shall soon be mine."
62,"@GovPritzker You are friends w educators. Have you asked why schools teach that USA is a horrible place? 

Do you want to right wrongs &amp; improve outcomes in actuality? #Illlinois If not you, who?

I've tried to speak to you for yrs. I've seen how schools are up close. Ru there?"
63,"@Nathan__Dee its people like you who are snakes, defending the oppressors and turning against those fighting for you. What is special about Afrikaans? The most spoken native language is Zulu followed by Xhosa so what is special about Afrikaans not San?"
64,@themartyrcard Was it you who told me to watch it?!!
65,i really wish IG told you who be sending your posts to people ğŸ˜‚
66,"You who swallowed a falling star, oh heartless man. Your heart shall soon belong to me."
67,"@ThomsenTN @djuggler @timburchett @GovBillLee I love Nashville, and Tennessee. That's why I find political operatives like you, who think that big business growth and people moving here is more important than the suffering endured by more than one in ten of our citizens so gross. If we're well governed, why is it a problem?"
68,@thehill True colors on display.  Belive her when she shows you who she is.
69,"@RonFilipkowski When someone tells you who they are, believe them!"
70,@kk131066 Your Watching ğŸ‘€ğŸ‘€ğŸ‘€ğŸ‘†Facts PPL ğŸ‘†â€Letâ€™s If You Agree PLZ Share What You Just ğŸ‘€ğŸ‘€ğŸ‘€Ed With EveryOne PLZ???THKU To All Of You Who ğŸ‘€ğŸ‘€ğŸ‘€Ed This VideoclipğŸ‘†â€¼ï¸â€¼ï¸â€¼ï¸â€¼ï¸
71,@alisa2s @TheTxPundit @ZJustzed Oh but honey it'll be you who stays home. What happens when you can't go into a grocery store sans a negative test or vaccine card?
72,"@John_msee @ztlorance @TheRobotBuddha @KLWalpole14 @Schreiberland No, the proof is on you to explain your fanciful conclusions. Not on me saying your talking nonsense but on you who believe such unprovable silly dreamy bullshit."
73,"""If not you, who? If not now, when?""
I don't know. Someone else. Later. Hey, you asked!"
74,ayoooo the new update tells you who visited your profile ğŸ¤­
75,"Be aroud people who believes in your dreams, who encourages you, who lift you higher It makes you want to push yourself more. It feels good to have that â€œcheerleaderâ€ someone who has our back."
76,"When someone shows you who they are, believe them. ğŸ¤·ğŸ»â€â™€ï¸"
77,@theh1d Was it you who did the pissing?
78,"âœ¨ New Year's Kiss

I'm preparing my best last year kiss and first of the next year Lan9i3 ğŸ˜˜ğŸ’•
And you, who will you kiss at midnight?

â¡ï¸ https://t.co/lofooTXZD8 https://t.co/b6grsKPWgJ"
79,@1MohamedOmar @MofaSomalia Do they  told  to you who  kil you father bos
80,"âœ¨ New Year's Kiss

I'm preparing my best last year kiss and first of the next year iOSAMUB0T ğŸ˜˜ğŸ’•
And you, who will you kiss at midnight?

â¡ï¸ https://t.co/SJFr37VuyA https://t.co/aWlcyfchLv"
81,"âœ¨ New Year's Kiss

I'm preparing my best last year kiss and first of the next year tehreenao ğŸ˜˜ğŸ’•
And you, who will you kiss at midnight?

â¡ï¸ https://t.co/qQTrG2iC8x https://t.co/ELninsyUKv"
82,"I want to try that effect that tells you who you look like, only fr it to tell me I look like sloth from the goonies, you guys know what that effect is?"
83,"The best leaders arenâ€™t the ones constantly reminding you who they are. They arenâ€™t the ones always looking for photo ops, talking the loudest/most, seeking out opps to be seen instead of leading. Being a leader isnâ€™t about everyone (esp outside of your org) knowing who you are."
84,"Chasing perfection isn't the goal, your growth journey is about pursuing the woman that lives inside you who is waiting to be discovered. You're going after her.  
She's worth it.âœ¨

#confidenceforwomen #confidentwomen #confidencecoaching #confidentwomenglow
#confidencemindset"
85,"@andy_murray Nobody told you your service was a few strokes ""above par"" before? Great coaching!?!? Or was it you who was too stubborn to change it? Well, it's never too late to learn. But it would have made some difference if you'd given it some attention ""a few days earlier""."
86,"@luvyouneighbor @johnpavlovitz Cuz folks like you always stop  reading Romans too soon:
2 You, therefore, have no excuse, you who pass judgment on someone else, for at whatever point you judge another, you are condemning yourself, because you who pass judgment do the same things."
87,"@DaZacklol 

""You who tf-"""
88,@JaksMimi2 Emma ! Love and prayers for you. Sister ! ğŸ™ğŸ™â¤ï¸â¤ï¸You are brave and strong ! You have the Lord with you who keep you strong in Him !
89,"@jeaniew333 @Kokomothegreat No I was saying that about you who were willing to jump off a cliff because someone told you to cherish the life that you have, as opposed to looking forward to something that doesn't exist. The survival of the fittest comment was to you, specifically. Lemming."
90,@Emsrsue tis YOU who are sweetğŸ˜˜ğŸ˜˜ğŸ˜˜
91,@ItsBradShepard One of the real issues with dealing with actual racism in this country are idiots like you who use the racism card as some kind of weapon. You don't like AEW so this is your latest sword
92,"â€œBut for you who fear My Name, the Sun of Righteousness will rise with healing in His wings. And you will go free, leaping with joy like calves let out to pasture. ~ Malachi 4:2 NLT https://t.co/OVvgnQyzda"
93,"If not Now, When? 
If not you, Who?"
94,@Lotu5__ But like whatâ€™s wrong with ppl seeing you who gives a fuck what they think!!! wat is it that yâ€™all do not want to be seen??
95,"@Snixtysnixt Everyone got their own preferences, and that is cool. But loool why generalise when its YOU who prefers itğŸ˜‚ğŸ˜‚ğŸ˜‚"
96,"@3DIian lol
I canâ€™t remember ever having it as a kid (maybe I did ğŸ¤·ğŸ»â€â™€ï¸). I just had some now and ğŸ˜¬.

Hey, more for you and all you who love it ğŸ˜…. Iâ€™m good with that!"
97,@myalyn8 Theyre transition TO love their self and be happy with themselves. no one enjoys to see them suffer other then people like you who are for some reason filled with hate. Itâ€™s worse being trapped as someone they donâ€™t wanna be I donâ€™t see why it bothers you sm
98,@MeghanMcCain @DailyMail When a person. Shows you who they are.....believe them....
99,"after 4 weeks of being asked â€œwhat social identities make you who you areâ€ in this pluralism class, i was the first person to finally bring up fatphobia in discussion. it is a massive part of my life and, frankly, all of our lives and i wish we could talk ab it more openly."
100,"once it's gone, it's gone and you'll never get that back. Just think of all the people who are around you, who love you, who look after you.

How would they feel if they knew you were gone?."
101,"âœ¨ Stolen Kiss

vyisu would kiss you around the corner... ğŸ˜
And you, who would do it?

â¡ï¸ https://t.co/v8l36FDJw3 https://t.co/oEk1vT40Jd"
102,"When someone shows you who they are, listen. https://t.co/Ldrz04gUrV"
103,"When these sad memories transcend time and space, and become permanently engraved, you, who have accepted them all without hesitation, are my angel of light"
104,@BenopaOnyx1 @UncleWizbid Me den you who no dey like dey take pics? ğŸ˜‚
105,"ã…¤

   â–¬â–¬â–¬â–¬â–¬ â› á´œá´˜É¢Ê€á´€á´…á´‡á´… á´Ê€ÉªÉ¢ÉªÉ´á´€ÊŸ á´ á´€á´á´˜ÉªÊ€á´‡â …
         ã…¤     / â€œWhiskey tells you whoâ€™s real and who isnâ€™t.â€ /

ã…¤ã…¤ã…¤â”â”â”â”â”   â‚Vampires consumed by their own bloodlust, possess little to no control, usually mass murderers
         
        :ï½¥ï¾ŸRT â†» â™¥ https://t.co/0DBnUaToGK"
106,"Itâ€™s not the slippery road, itâ€™s you who donâ€™t get a good grip."
107,@monicabridget21 THE GREATIST GUITAR/ROCK AND BLUE PLAYER OF ALL TIMES. f- YOU WHO DON'T AGRRE WITH HIM.  WAS IN BED FOR A WEEK AFTER MY 2ND DOSE.
108,"HE WOULD HAVE BEEN WITH YOU WHO WAS WORSHIPPED IN JERUSALEM.,THOSE CAPTIVES WHO NEEDS HELP TO RETURN, THEIR NEIGHBORS SHOULD BE GIVEN MONEY,GOLD, PROPERTY,AND ANIMALS FOR THE SACRIFICES TO THE LORD GOD IN THE TEMPLE OF JERUSALEM.,THEN THE LEADERS OF THE HOUSE OF JUDAH AND BENJAMI"
109,Lemme remind you who put you on. ğŸ‘ŒğŸ½ https://t.co/yKb8PWlvhX
110,"@DineshDSouza Yet you, who are even more corrupt, walk free.

Thatâ€™s sad."
111,That's you who can't keep a ole lady cause you keep fucking them friends huh
112,"GO BACK TO JERUSALEM AND BUILD AGAIN HIS TEMPLE OF THE LORD GOD OF ISRAEL.,HE WOULD HAVE BEEN WITH YOU WHO WAS WORSHIPPED IN JERUSALEM.,THOSE CAPTIVES WHO NEEDS HELP TO RETURN, THEIR NEIGHBORS SHOULD BE GIVEN MONEY,GOLD, PROPERTY,AND ANIMALS FOR THE SACRIFICES TO THE LORD GOD IN"
113,"@asfan91 With ""fans"" like you, who needs rivals?"
114,@IpseDixitCicero I love it because there are people like you who are willing to admit they didn't have all the information. It keeps me coming back. ğŸ’šğŸ•Šï¸
115,@6habio I'm simply repeating the essence of what the majority of the Uygur and rest of the Chinese population have to say about the situation. You are saying something different from that. It's you who is speaking over them.
116,@ONeillR12 @tdgarden @NHLBruinsSTH @NHLBruins @celtics By joke You referring to yourself RO ? By real fans you mean big and tough unlike you who is afraid of a ğŸ’‰.
117,"@AlfDaMvp Appreciate you, who to get on it is a different issue lol ğŸ¤”"
118,"The seatsâ€¦ in my lifeâ€¦ how should I put this? I donâ€™t want my heart to be affected by people who donâ€™t have a place there. Does that sound cold? Well, I guess there are also guys like you who bring their own chair and take a seat."
119,"@HollyRorie @RealCandaceO You should stay out of this, Holly. It's people like you who messed Donald Trump up. I wonder if Donald consulted @Mike_pence. Sure, probably...Bad news."
120,"@DanielAndrewsMP there are other ways Dan.  Plandemic i more or less say, and its you who have made them angry, not a bloody virus that has now killed less people in this country since the vaccine roll-out, and there are more deaths from your safe and effective jab, there are other ways."
121,"@Gillstolemyride @JoshiBallVids @AtmosphereC22 @RathFGC @MrMidLife1 @geos9104 But I can see discords being really good if you can find a group of people like you who want to play sets often as you can have a consistent idea of how you're improving

It's like how arcades were but with more people / info. Probably too much at times though"
122,"@Mitchie02435305 @MeidasTouch @IAmPoliticsGirl Fairly evident itâ€™s you who is being defensive and cannot handle feedback. It isnâ€™t meant for you, so no need to defend."
123,"@Dr_Hb7 @palliddh @drogon_dracarys @MattBinder Israel doesn't bomb civilians. It bombs Hamas and Jihadi targets and gives warning to avoid civilians. It's people like you who expect Israel not to attack Hamas and therefore endanger its own civilians, or have 100% success avoiding civilians. That's a unique standard ."
124,Youâ€™ll be just fine. There are many more just like you who will keep you company while you succumb to your fears &amp; paranoia rather than exercising critical thinking &amp; reasoned analytical process.  Justin has 32% of population who think just like you do.   Misery loves company. ğŸ˜‰ https://t.co/gTkhnlUwXN
125,"âœ¨ New Year's Kiss

I'm preparing my best last year kiss and first of the next year catseungmo ğŸ˜˜ğŸ’•
And you, who will you kiss at midnight?

â¡ï¸ https://t.co/wM55mZdmE4 https://t.co/xXst6qnXbr"
126,"The scent of fresh rain, and the scent of you, who is alive."
127,"I would like to hear your philosophy on loneliness. I wonâ€™t let you say you have none. You, who have stayed on this hill while watching the times flow by....
 
You must have some sort of fetishism around loneliness."
128,"@thebrittanyxoxo My dearest Brittany,
You are a beautiful person. With flaws (not many in my eyes but nobody's perfect) and issues but this makes you who you are. Your beautiful family makes you who you are. Thank you for sharing your life, that stunning body and your #milesofsmiles here with us"
129,"""It's you who should be disappointed in me, mr C."""
130,"Hey â¦@JimPatterson559â© you know what I am afraid of?  Politicians like you who are paid by LE to peddle false fear while our state is reeling from COVID-19, drought and lack of affordable housing.  As it stands, you will never have my vote. https://t.co/BySdRmBry5"
131,@TimmyFallopian @luvadergolder @lose_mrs @CMoltzahn @DrAndrewSK @jkenney These triage protocols also apply to you Tim. Funny how you try to equate triage protocols as being the same as vaccine mandates. Once again you fail horribly. Try harder Tim itâ€™s only you who looks like the fool that you are!ğŸ˜‚ğŸ˜‚
132,"you, whos stronger than anyone... you, who were once closer to me than anyone... you, who i once admired... you, the strongest of all, who im going to beat here."
133,"@defjam ""I just told you who i think i am, a god"" ğŸ˜‚ğŸ”¥"
134,I love you for you who are. As I know you love me. What a lovely pair we make. May love always triumph over ignorance.
135,"Ngl, this one hurt me to my core. If it wasn't for you who knows where my life would've went.
R.I.P. ğŸ•ŠğŸ’"
136,But itâ€™s you who I wantâ€¦
137,"@EmoSeal Was it you who made the Finchy doll? Itâ€™s boss that, youâ€™re really talented ğŸ‘"
138,It is I who feels privileged and humbled to be allowed to address amazing people like you who want to make a difference out there. https://t.co/y8iq3nx92B
139,@patches4dnf SAYS YOU WHO HAS A PISS KINK ??? /lh
140,@joonscup But thatâ€™s the definition of presumably black people like you who are soo removed from their black ness that they participate in micro aggression like in this case discrediting black culture for some type of benefit they donâ€™t even up getting a coon
141,"@ShelettaIsFunny @ShelettaIsFunny, we know you who cooking at the headquarters , so please excuse yourself from the invite 

(respectfully) 

Little divorce leaving  Titoâ€™s for @grayduckspirits   I see you, maybe they should come down here to TexassssssssğŸ¤£ğŸ¤£ğŸ¤£ https://t.co/O0qJ0Llj3E"
142,"O You who have believed, Bow and Prostrate(Sujood) &amp; worship your Lord and do Good - that you may succeed! 

Surat ul Hajj | Verse: 77"
143,"Time will show you, who deserves your heart."
144,"@seraph76 @flightofsand Oh, you need to cry! So horrifying!

Actually, I find your attitude offensive, intolerant, hateful and utterly false. It is pseudointellectual nonsense makers like you who create antagonism and conflicts. Not me,my Asian girlfriend or this book."
145,This Thug officer is showing you who he is. Now do something about. Fire him quick. https://t.co/D2m9jNdBot
146,"In case you donâ€™t see where the world is heading, let me tell youâ€¦ find a niche, join a community of people as passionate as you who also want to learn hands on instead of going to uni and build the future with those anons! Bypass the boomers. #Bitcoin #btc #eth #Avalanche"
147,"âœ¨ Stolen Kiss

lixpetistt would kiss you around the corner... ğŸ˜
And you, who would do it?

â¡ï¸ https://t.co/vWFMGOgo6r https://t.co/8V1I6WqQdm"
148,"@RSBNetwork You Sir, are part of the problem. You and those who like you who refuse to listen. You might feel that Iâ€™m a leftist; but, nothing could be further from the truth. It sad  to see the Republican Party go down the fascist rabbit hole. The party mirrors what it claims to resist."
149,"When someone shows you who they are, believe them, and remember it. https://t.co/8xdCEsk4eC"
150,"@Rma13Fiona Absolutely! For me, supporting the club has always been an escape and I thoroughly love it. Just need to get used to this shower of shit opinions that comes with every draw/defeat thoughğŸ˜…Thankfully, there are many (like you), who can balance it out the other way. So, all good."
151,@SubstanceD3 It was you who enlightened me about coffee right?
152,I find it difficult to understand how Democrats seem surprised at MM . When someone shows you who they are believe them https://t.co/Fp9yONgXYf
153,@dalee1203 What's wrong with Maine ? When someone shows you who they are believe them !  (Maya Angelou)
154,"@DungeonMasterSc It's actually quite good, but an annotated version that tells you who all those obscure historical figures are is essential."
155,"To be a Duterte supporter ğŸ‘ŠğŸ» and Marcos loyalist â¤ï¸ is okay.

To be an AquinoğŸ—ï¸, Mama Leni ğŸ², Manny ğŸ¥Š, Isko ğŸ‘†ğŸ» and Ping ğŸ‘®ğŸ»â€â™‚ï¸ supporter is fine too.

You know what's not okay? To be a pa-woke where you need to cancel the people around you who do not support your political stance."
156,"@lindyli @MayoIsSpicyy She's a Republican. 

When someone shows you who they are, believe them the first time.

-Maya Angelou"
157,"Youâ€™re a pretty bad person for saying this. You see, by calling her a â€œMAGA Brownshirtâ€ youâ€™re not merely slandering her, who canâ€™t defend herself, but everyone who supported Trump in 2020. It is precisely people like you who are sowing hatred and division in America. https://t.co/6GEbJNHvA3"
158,"(Jsyk: You /do/ have to understand it if you're trying to represent it in media. Or you have to have somebody with you, every step of the way, helping you, who does.

But to accept us and accommodate who we are, aside from that? You don't have to understand. Just do it anyway.)"
159,"Fufu... Amazing as always, Kasumi. That's exactly the kind of thing that makes you who you are!"
160,"@MarkKnochel @Chefvano @chron We're not dumb, buddy. We get it. It's you who doesn't get the Texas law contains those blue-leaning cities. Or you're just not listening. Or it's not as big of deal to you ğŸ¤·ğŸ»â€â™€ï¸"
161,@DanJone29920452 You have to push diversity because of people like you who say immigrants should be white only. And I didn't see Biden cheering being a minority. He was stating facts.
162,@seamusing Context my friend. Those events happened so in the context of the game they meant something. If I asked you who missed for Wolves you could tell me ğŸ¤·ğŸ»â€â™‚ï¸
163,@Sharmarkei Itâ€™s me and you who should volunteers to rebuild our country. Inshallah very soon everything will turn into good.
164,"I used to think this place was all about pandering to your baser instincts. Now I understand. It doesn't cater to your lowest self, it reveals your deepest self. It shows you who you really are."
165,@Fogarichi I understand. My son just became a driver too; in just his 1st week he saw the same things! ...But thank you for all you have done! There are lots of real Americans that appreciate those like you who have done so much during these times of craziness! God bless you &amp; family!
166,"@RobertShippey This article in the @guardian last month actually covered the rise of young people taking up smoking during lockdown. Unfortunate news for those of us, like you, who thought this cancerous drug was on the way out
https://t.co/PYEEOKyPs6"
167,"@Facts_chek @ANI ğŸ˜‚ğŸ˜‚ğŸ˜‚ tumlogo ki itni jalti hai. Yes they are United States people, not people like you who are hired for 100 rup per day by Congress govt to stand and ğŸ¤®"
168,"@grInxtdoor gotta remind you who you truly belong to, havenâ€™t i?"
169,"âœ¨ New Year's Kiss

I'm preparing my best last year kiss and first of the next year kookfluffly ğŸ˜˜ğŸ’•
And you, who will you kiss at midnight?

â¡ï¸ https://t.co/QoDXDUkV7R https://t.co/eLFrs1zqbt"
170,@foden4prez @JKCorden typical people like you who can't stand to be a second without pigeonholeing and bothering someone for their musical tastes
171,Thereâ€™s nothing but you who can let them in.
172,"Night has end for another  day, morning  has come in a special way.  May your smile like the sunny rays. 
It is you who makes our morning wonderful and our life amazing. Good morning and have a nice day,  @Saint_sup! ğŸ˜˜ğŸ’•

NiceDay Saint
#à¸­à¸£à¸¸à¸“à¸ªà¸§à¸±à¸ªà¸”à¸´à¹Œà¹€à¸‹à¹‰à¸™à¸•à¹Œà¸‹à¸¸à¸› 
#Saint_sup #MingEr https://t.co/4k6TJC8QiC"
173,Iâ€™m certainly inâ€¦ are you? Who wants to compete with the ğŸ³?? https://t.co/FSfdArOnpB https://t.co/n4IZzztjft
174,"@DecTime2SpeakUp @GeorgeFoulkes @LesleyRiddoch @NicolaSturgeon If this did indeed happen then i bet he was brilliant . If no one got  second chances , three etc.what would yous unionist's do ? The uda , uvf and on and on ! It's Yahoo's like you who do Scotland down not our English neighbors !"
175,"â €â €
â €â €â €â €Family are not just people who coddle you, who grant you your every whim. They are people who fight for you, who you fight for.
â €â €"
176,"86. his brother's shoulders, throwing a wink at Taehyung who chuckled. 

Jungkook smirked and playfully pinched his brother on the arm. 

""Atleast I have a boyfriend unlike you who is still crushing helplessly~"" Jungkook teased him and dodged the playful slap he was about to-"
177,"The most dangerous people are not dangerous people ,it's the people trying to prove that they dangerous people. People like you who want acceptance but ain't really evil. 

Stay strong be different!!!"
178,"""[â€¦] But because you decided to run and hide here, they have known a hunger that they never needed to feel, suffered pain that could have been avoided. Yes, we did imbue them with their Atma, but you need to realize that it's you who's been the root cause of all of this."""
179,"@xBallisLife31x @Gerbalyn Lol my opinion sucks ? Why Bc you couldnâ€™t have an intelligent debate? 
Bc you couldnâ€™t back up your statement of facts. Bc itâ€™s ppl like you Who think they know everything. But in fact I donâ€™t know shit abt anything. Ugly ppl really do be miserable"
180,@10kTakes_ Zimmer drafted and made you who you are now! The offensive coordinators coached Rudy!
181,@Cryptic_Miind Haha! Nice try but everyone with a functioning brain here knows he clearly knows  his subject unlike you trying to score points by twisting facts. Cryptic mind alright...It's you who is every bit fake
182,"@mileslunn @bachausProtonm1 @NoGunsInCanada I always do learn from them.

Unlike you who have nothing of importance to offer."
183,"@TeslaAIBot @Sangram2sahu Humans is known among people, he forgets everything, you who are a robot, why did you forget ??ğŸ˜‰ğŸ™ƒ https://t.co/MEs6Bbt2hh"
184,"âœ¨ New Year's Kiss

I'm preparing my best last year kiss and first of the next year holaescam ğŸ˜˜ğŸ’•
And you, who will you kiss at midnight?

â¡ï¸ https://t.co/F5kgKEWfaM https://t.co/jeX8Nwn5iU"
185,"i want you, who doesnâ€™t care about any stares"
186,what if social media disappeared? would you truly know how to be yourself without the world telling you who you think you should be
187,"@miragenos @pomegrana_te Like, bro, I want you to be the better version of you, who is still whatever type of anarchist you are but doesnâ€™t sound so corny about it."
188,"@XxcrayzeezxX @Fredderikkk @pastajoe5 @WGRZ They are also short staffed because of a global pandemic and scared boys like you who are rushing to the hospital once your tough guy attitude goes away, and you beg for your life."
189,@zealprecious1 @OgbeniDipo Nigerians go reply you who be your mate do you no my age
190,"You brood of vipers, how can you who are evil say anything good? ...I am not concerned that I am not known, I seek to be worthy to be known."
191,"#Quran 

O you #people ! You #recite this #Verse O you who believe! Take care of yr ownselves. If yu follow the (right) guidance [&amp; enjoin what is right ( #Islamic #Monotheism ) &amp; forbid what is wrong (polytheism] no hurt can come to you from those who are in error
 5:105
#Allah"
192,"@22_Gilly @GentlemanSparky @MsSweetTD @HJoyceGender @EyeEdinburgh Someone like you who believes our ""gender identity"" trumps our biological sex."
193,"It was you who said goodbye
Still, tears run down on your cheeks
If you are going to erase memories of yesterday like this,
that's enough. Just show me your smile"
194,"@TRUExDEMON Too bad, It was you who gave me the tip on $BBIG and made a butt load on $SPRT but you were not the reason I created either of my positions and I the fact you exited yours, makes no impact on my decision. I know it sounds ungrateful, but I am not. TY.  Mental health comes first."
195,"@paykhar You can tweet whatever you want, its not the people, its you who is scared of backlash"
196,@norytter like you who took this pics
197,"âœ¨ New Year's Kiss

I'm preparing my best last year kiss and first of the next year fxirykarl ğŸ˜˜ğŸ’•
And you, who will you kiss at midnight?

â¡ï¸ https://t.co/dbt6ALbI1L https://t.co/ZMaSLSz3ph"
198,@cardinalrlburke @GuadalupeShrine Your gratitude to God and all that work in the healthcare industry could have gone to protecting those who are exhausted from caring for people like you who refuse to be vaccinated.  Perhaps this is Godâ€™s smite to you being a racist individual.
199,"@torrHL @hoogemoogende @heydavidbailey @ezraklein The original point of this thread was to blame golf. My apologies, it wasn't you who stated it."
200,"âœ¨ New Year's Kiss

I'm preparing my best last year kiss and first of the next year ItsTayuki ğŸ˜˜ğŸ’•
And you, who will you kiss at midnight?

â¡ï¸ https://t.co/kVUEeybAMc https://t.co/xdzyjqJw29"
201,"@julieXbts neither tastes nor standards matter in front of me, you become to want me and only me, because it's you who made me 
 
â€“ filter"
202,"âœ¨ New Year's Kiss

I'm preparing my best last year kiss and first of the next year DaRealSmolToon ğŸ˜˜ğŸ’•
And you, who will you kiss at midnight?

â¡ï¸ https://t.co/GRcVvhHizH https://t.co/FWXpKGAx3J"
203,"@BobalosRex @Aaron53487329 @EveBlackwood69 @The_Statesmen1 @Wowhead this is the kind of nonsense you get with ""government intervention"". you get blizzard giving lip-service to people like you who seem to think it's acceptable progress when really all they're doing is making laughable changes to things literally no one took offense to"
204,"@itesotdude If people like you who were among the planters forget, now who will tell  my grand kids ğŸ˜“ğŸ˜“"
205,"âœ¨ New Year's Kiss

I'm preparing my best last year kiss and first of the next year pyro_demons ğŸ˜˜ğŸ’•
And you, who will you kiss at midnight?

â¡ï¸ https://t.co/w77Kd79K6N https://t.co/tI5IH7G3mK"
206,"@jeffdekal @JSwayArt doesn't help this presumption; you seem to be ignoring people who respectfully point out why they don't like your choice, making it look like you're being purposefully obtuse.
True, you made one choice in a series of millions that make you who you are, but each choice says"
207,"@chrischirp @davidmichaelbr I think we can do better: each kid in an airtight container... The ""bordeline criminals"" are scientists like you who are still pushing for eradication of the virus... you lost, that'a all. There is a vaccine to protect vulnerable  people,  give kids and young people a break..."
208,"@KFool234 You canâ€™t just tell people to â€œbuck upâ€ because they donâ€™t conform to your emotional bar.

Really sucks to have edgy gamers like you, who think theyâ€™ve got life figured out and telling people what to do, representing us. Tsk tsk"
209,@Munyayiwashe @hwendec Empty is you who thinks hashtags on twitter aren't important. Do with twitter what is important and leave him to do what he sees important. Geri-t?
210,@Harkris31442509 I donâ€™t even know who youâ€™re talking about. I donâ€™t watch desi tiktok and/or i am not familiar w anyone youâ€™re talking about. maybe itâ€™s you who needs to work on your communication skills. i saw what you wrote and called you out for it. itâ€™s not called being â€˜illiterateâ€™
211,@Moo4free was it you who said we needed some Spike Milligan? https://t.co/7FfBswuP5g
212,"@hqbinders @AndrewCHarries Yes, but apart from them, those with an IQ above 13, anyone with even two brain cells to rub together and members of moderate political parties, I ask you, who could have known?!"
213,@rhu777 @BBCchrismclaug Boofâ€¦.. says you who is all over this. Nice move Mensa. ğŸ˜µâ€ğŸ’«
214,"@EthTechUSA @aalekaa @alanalevinson Just have to leave how much itâ€™s struck me, you who seem to care about how fellow women treat eachother call my explaining my stance â€œnastinessâ€. Also next time you might want to hashtag it right #internalizedmisogyny but go off I guess while you practice it yourself."
215,"You who believe! Eat of the good things We have provided for you and give thanks to Allah if you worship Him alone. (Qur'an, 2:172)"
216,@tacosransi you do realize youâ€™re responding to 1 person right? but i thought the situation was quite funny. the outcome? even more hilarious. i think itâ€™s you who lack a sense of humor
217,"@RetiredBarca @BayernLM10 It's you who's making a fool of yourself. Those stats are for the calendar year 2016, not for the 15/16 season.

Learn to read first before jumping the fake stats wagon"
218,"@DonGeronimoShow @BIG100Radio @Acosta @CNN @iHeartRadio Canâ€™t wait, Don! You set the standard for me in terms of what good radio was. And itâ€™s been severely lacking in Washington for a long time. So itâ€™s fitting that itâ€™s you whoâ€™s back to bring good radio back to the market!"
219,"Can't stand morons like you who can't get to the damned point! Basically you're saying, 'we wanna cause trouble, be our pal!' What a joke! I've always admired All Might's triumphs. No matter what any of you jerks say... Nothing's ever gonna change that! (Katsuki Bakugo)"
220,"Come to me, all you who are weary and burdened, and I will give you rest
Take my yoke upon you and learn from me for I am gentle and humble in heart, and you you find rest for your soul.For my yoke is easy and my burden is light.Mathew11:28-30 #RaptureIsNear"
221,"âœ¨ New Year's Kiss

I'm preparing my best last year kiss and first of the next year ting_tingball ğŸ˜˜ğŸ’•
And you, who will you kiss at midnight?

â¡ï¸ https://t.co/uluvmFjlXb https://t.co/41F9jBig3a"
222,"âœ¨ New Year's Kiss

I'm preparing my best last year kiss and first of the next year dayeongatita ğŸ˜˜ğŸ’•
And you, who will you kiss at midnight?

â¡ï¸ https://t.co/x5esOnwBvD https://t.co/e9YA0J8RfA"
223,"@PatatasSmall @GoodTexture @Tr0llyTr0llFace No, I have heard dozens like you who claim crypto folks say it, but never actually heard it"
224,"Interesting watching all the trolls come out to  argue on my very innocuous tweet. Tells you who they are. Behind sweet persona lies controlled op.
https://t.co/lBTyJ5RyCg"
225,"âœ¨ New Year's Kiss

I'm preparing my best last year kiss and first of the next year Taesweeties_ ğŸ˜˜ğŸ’•
And you, who will you kiss at midnight?

â¡ï¸ https://t.co/t9Pe1xbqgc https://t.co/IFiC74hOEP"
226,"âœ¨ New Year's Kiss

I'm preparing my best last year kiss and first of the next year taefltrz ğŸ˜˜ğŸ’•
And you, who will you kiss at midnight?

â¡ï¸ https://t.co/DWntm6BtbX https://t.co/biBs3xxNdR"
227,"When someone tells you who they are, listen. 
The CPC locked its MPs and candidates out of its central voter database, an attempt by Oâ€™Toole to protect his leadership and deny them access. 
What a major fuckwad. #CPC #Canada https://t.co/wRD6H3ctzP"
228,"@gracelover712 @TifanyRobb10 IM WITH YOU , WHO ???"
229,"Politicians promise you everything you want if you vote for them. So you do and then when theyâ€™re in power they piss all over youâ€¦â€¦â€¦ every feckin Time, regardless of party. 

And every, every 4 years we let them do it again.

I ask you, whoâ€™s the foolsğŸ¤”"
230,"@luvyouneighbor @johnpavlovitz And thanks for completely avoiding the point: the belief 'homosexuality is sin' is evil, it produces murder.  And people like you who teach that belief, are false teachers."
231,"@SenSanders Whoa. Letâ€™s start with the insurance companies before we go after pharma. Actually, letâ€™s start with politicians like you who canâ€™t or wonâ€™t reform our shitty system."
232,"@laurenboebert Congresswoman Omar came here as a child, not her choice, but she is an American citizen and actually does her job, unlike you, who thinks hate tweeting and photo ops are what WE pay you to do 24/7."
233,"âœ¨ Stolen Kiss

miaxhd would kiss you around the corner... ğŸ˜
And you, who would do it?

â¡ï¸ https://t.co/DbyHVlTAsy https://t.co/Fi7b53yQMI"
234,@big_business_ He added this part just for mfs like you who obviously fell for the bells and whistles https://t.co/abaHKWG1IT
235,"I want to approach life in a different way,i want to love and value myself moreâœ¨Take each day at a time and focus on my dreams and aspirations ğŸŒ¸because this life itâ€™s only you who has the control over itğŸªğŸª"
236,"âœ¨ New Year's Kiss

I'm preparing my best last year kiss and first of the next year 17_rain_17 ğŸ˜˜ğŸ’•
And you, who will you kiss at midnight?

â¡ï¸ https://t.co/bYcsfougx9 https://t.co/lP38rX3oP8"
237,"âœ¨ New Year's Kiss

I'm preparing my best last year kiss and first of the next year fulan0delbutano ğŸ˜˜ğŸ’•
And you, who will you kiss at midnight?

â¡ï¸ https://t.co/beQ0QbX8MS https://t.co/WKnwG4Cmpf"
238,@IanLucas0408 @AdamMacVicar @GlobalCalgary @kenney People like you who are blindly complying with everything are prolonging this insanity.
239,"âœ¨ New Year's Kiss

I'm preparing my best last year kiss and first of the next year DiegoMonty_ ğŸ˜˜ğŸ’•
And you, who will you kiss at midnight?

â¡ï¸ https://t.co/FsvyPnus7s https://t.co/40JK3hVUn4"
240,@nick_skeyes GN Nick! Have a great day! Quick question for youâ€¦who is your football team?
241,"âœ¨ New Year's Kiss

I'm preparing my best last year kiss and first of the next year 2cool4hsk ğŸ˜˜ğŸ’•
And you, who will you kiss at midnight?

â¡ï¸ https://t.co/K6uoylRLo5 https://t.co/3JmLRfrheg"
242,"âœ¨ New Year's Kiss

I'm preparing my best last year kiss and first of the next year taefilx ğŸ˜˜ğŸ’•
And you, who will you kiss at midnight?

â¡ï¸ https://t.co/acwSyA7ctn https://t.co/8mr9gObP4X"
243,"@vibes4gregjosef @TheHillrat @SeanMaertens @WolvesGotNext @DaneMooreNBA Then you simply donâ€™t have to believe it. However, them telling you who told them what they just recounted does you no good, nor does it make you any difference."
244,"âœ¨ New Year's Kiss

I'm preparing my best last year kiss and first of the next year fulan0delbutano ğŸ˜˜ğŸ’•
And you, who will you kiss at midnight?

â¡ï¸ https://t.co/beQ0QbX8MS https://t.co/W3ayfMv3zE"
245,"@elenasdecker @xallconnectedx Melissa is a kind person, we can all agree on that right? So do you think she would be more approving of @xallconnectedx who was only trying to be sympathetic and wish her well or you who tried to tear down a fellow Mel fan? I think you can make a logical guess. I donâ€™t (1/2)"
246,But itâ€™s you who I want https://t.co/PgYidvSOO5
247,@UnafraidT @mama_sweetums @1LogicalMan you who think the election was stolen..
248,@WorldInAGirl1 @PETEPETEPETERR @michaelfowler08 @mrpford @theage You donâ€™t get that you are being groomed by white supremacist groups.  I kinda know what tradies are about. My dad is a builder. A real tradie would understand the significance of the West Gate and never dance on it. Itâ€™s you who needs to wake up
249,"@K_Birkwood Thanks!!
I swear itâ€™s people like you that make the world a better place everyday. Itâ€™s people like you who keep the world from falling apart, so a lot of respect to you :)"
250,@defjam i just TOLD you who i thought i am. a GOD.
251,"How book identifies fans: It should be easy enough and unique enough that a hashtag or search term on social media, Google alerts and blog dragging  shows you who the fans are.

#AskPublisher #WriteTip #BookMarketing &gt;&gt;"
252,"Update: Still not done but wow, what a vile response. One thing is pretty clear: Those in sin whose hearts are hardened will definitely try to bully you who call them out by twisting Scripture and using theology as a weapon to fit their evil. https://t.co/MkFEnXZiso"
253,"The thing is, people like you who veil insults with well written grammer and see no wrong with our owners, and the d*umb FSG outers that see no positivity are two different sides of the same coin. https://t.co/mT9DhFzGnb"
254,"so annoying! dancing with you who gave me a 'hello' making me spinning, spinning"
255,"âœ¨ New Year's Kiss

I'm preparing my best last year kiss and first of the next year FISVCH ğŸ˜˜ğŸ’•
And you, who will you kiss at midnight?

â¡ï¸ https://t.co/AIjmPxXZZS https://t.co/ay2NYWGJkS"
256,"@dpfunke Daniel, I can't tell you how fun it is to watch James O'Keefe drag leftist scumbags like you who work in cohesion with the tech companies to get his work pulled.  Actually, I guess I'm saying thank you. ğŸ˜Š"
257,"O great malignant, reveal thyself.

Cease illusion from your cocoon of deceit,
Show your unsightly face of torturous mind maggots.
Show your lethal visage of self made projections.
Show me the you who is not veiled.

Reveal to me what i am."
258,"Its only YOU who can embrace your painğŸ˜­
No one Can ever feel a millionth part of it.ğŸ’”
.
.
.
#quoteoftheday"
259,"@SteveDaines @JoeBiden I don't see ANY weakness. He is facing an uphill battle with trumplicans like you who spend their time undermining him rather than working WITH him to heal this country from 4 years of disaster from the last President.  Quit bashing him, get off Twitter and work WITH him!"
260,"@BluesRagdoll @FrankFigliuzzi1 I grow my own herbs and shop local growers for veggies but have been in food service for years. Buying Organic is too costly for a restaurant to use. GM or VLP Veggies are not going to be consumed by the masses because of cost effectiveness. Besides me &amp; you, who else cooks?"
261,@MrRedaddy @MasterofLightKH @HMKilla I'm really glad it isn't up to you who gets in smash because your tastes sound incredibly boring.
262,@strangebrewllc @GovAndyBeshear LITERALLY NO ONE HAS EVER SAID YOU CANâ€™T DIE IF YOURE VACCINATED. Youâ€™re just less likely to. But these teachers were forced to work in dangerous conditions by people like YOU who wonâ€™t even attempt to care for others. Itâ€™s shameful.
263,"10.  There will always be some jerk in your way.
Donâ€™t let them take your light away.

Itâ€™s you who have final say not them."
264,"@CovKid75 @LeytonTim @russellcrowe In the U.K., the unvaccinated, like every one else, have ALREADY PAID FOR THEIR TREATMENT, so if they need it, they DESERVE TO HAVE IT.  The problem here is people like you who promote division."
265,When @SenatorCollins shows you who she is believe it. She will not protect womenâ€™s reproductive rights. https://t.co/FoferVgRAS
266,"Unlike you who's got a carefree life, I'm desperately trying to live up to that damn old man's expectations everyday!"
267,@normsworld I don't believe victims because they are victims. I believe the evidence. People like you who just blindly believe the victim are the problem. Maybe you don't deserve to serve as an MP.
268,"@SinonSupremacy What the hell are you talking about, honey? I didn't say a single swear word, unlike you, who found insults in the smiley ğŸ¤¡. You don't want to waste your time on me, but you devoted two posts to meğŸ‘ğŸ» Do you have bipolar disorder too?ğŸ¤”"
269,"âœ¨ New Year's Kiss

I'm preparing my best last year kiss and first of the next year YUTOYOTU ğŸ˜˜ğŸ’•
And you, who will you kiss at midnight?

â¡ï¸ https://t.co/tTwgkr2Qyj https://t.co/gpDUB8XloG"
270,"@FloofiFuzzi @oinionboi1 @KhanWolf7 Well idc! Itâ€™s you who wants to prove it! You figure it out, bottom"
271,@peacockTV @ddlovato Are there people around you who donâ€™t believe in aliens and things like that ?
272,"@uhaveagr8day @DawnMar45506877 @Outofbeltway @The_Vickster2 They did a podcast at work about people like you, who double down on their beliefs despite the science &amp; proof. You guys all die without getting the vaccine. Youâ€™re that committed to not having to admit you were wrong. Pride is a sin, too, ya know."
273,@definitivegazer @LeJardinier2112 @Jimmieintherain @STVNews Seems to me it's you who's keen to make others look worse.
274,"@symbolickurt @vervaeke_john @PageauJonathan And if Western Christians are not the prime moral examples of good Christians then I ask you, who are? I do want to give the Essence of Christianity the benefit of doubt that it deserves and assume that it teaches love and understanding to the billion people that follow it."
275,"@n3ro @LPTexas Imagining thinking the govt telling you who can and can't enter your property is ""private property ownership"""
276,"You who suffer because you love, love still more. To die of love, is to live by it."
277,"@kenyadad12 Thats the thing, she hasn't. If someone tells you who they are believe them."
278,@tingedfringe Would seem that to you who hasnâ€™t the first idea of what it takes to have a chance of winning an election
279,For all you who claim to be Christians and are not getting vaccinated or wearing a mask! I e always been told to seek out my answers in the word if my conscience doesnâ€™t tell me right from wrong!I d like to re share this with you!â¤ï¸#GetVaccinated #WearAMask it is WJWD! https://t.co/JtjXAzjmDV
280,okayy who you who you rollin wit ? ğŸ˜‚ https://t.co/buNd3GDfn2
281,@Jack4NJ Somerset county the third wealthiest county in New Jersey the 8th wealthiest county in the United States where a person's from generally tells you who they will govern for
282,/!!?\  Kah! Rendering You Multiple Equlibriums QAH Induce â‚¬$â‚¬$ =0= Rise Oh heavens .. Rise Oh ye with the guilted name of PAH ..RISE and give guidance in the form of RAH ..Rise and yield you son of heavnes .. you who was born with out ..you who never belonged .. 13
283,"@LepapillonBlu You protect you, who cares what others think!!!"
284,@jimmydaniels94 He is abysmal. I honestly donâ€™t know any fan other than you who rates him
285,"âœ¨ New Year's Kiss

I'm preparing my best last year kiss and first of the next year woszy ğŸ˜˜ğŸ’•
And you, who will you kiss at midnight?

â¡ï¸ https://t.co/izlBBLa40I https://t.co/xd0l5s7xGx"
286,@tolear1158 @SHofstader @_Floodlight @FauciFan So just tell me straight face that infections would be the same if people didn't get vaccinated didn't where a mask. Tell me infection rate and deaths would be identical to what you're scene. That's a tough one isn't it Tyler. Never thought of that did you. Who is the Patriot?
287,"âœ¨ Stolen Kiss

SLVTTAN would kiss you around the corner... ğŸ˜
And you, who would do it?

â¡ï¸ https://t.co/llDPeQ5vSy https://t.co/RBEacsumid"
288,@JesseKellyDC The America i heard about in school was one that was INDIVISIBLE with LIBERTY and JUSTICE for all.  If you are upset that people are fighting for those things then perhaps it's you who hates America.
289,"Apparently a former governor of Illinois is a coworker of mine that comes in every Tuesday and Thursday.

Without telling you who it is directly, let me just say that he has the best prison stories ğŸ˜‚ğŸ˜…"
290,"@redhead_ordead I made this account to flirt uncontrollablyâ€¦ but then I met people like you who brought out the real me. Weird how that works, huh? @radiobigcat"
291,@drobwlldiad @Eve5810 When a fascist tells shows you who they are you should believe them.
292,"The Lord is speaking boldly and warning of the accountability that will pour out over the church, and it will be harsh.

The Lord said, â€œhaven't I commanded you, who are filled with scandal, to give back to My people what you have taken, and still you continue to refuse.â€"
293,"@s_kashaf Aww itâ€™s you who is amazing! Miss you loads, canâ€™t wait to see you soon â¤ï¸"
294,"O you who have believed, do not ask about things which, if they are shown to you, will distress you. #Islam"
295,"âœ¨ New Year's Kiss

I'm preparing my best last year kiss and first of the next year jeonginhyunIN ğŸ˜˜ğŸ’•
And you, who will you kiss at midnight?

â¡ï¸ https://t.co/Bmihgg386s https://t.co/p9ZZ49Yq3p"
296,[redacted] just lied about dropping one of the best bodies of work this year now the tweet is not loading lol no donÊ¼t let them get to you who cares if itÊ¼s a lie as long as itÊ¼s the truth for the ppl who matter right?
297,"For you who was born on #september23.
Your #birthflower is ""#spiderlily"" The #flowerlanguage is ""independence, passion""
The #birthcolor is ""#joancitron"" The #colorwords is ""fairness, self-sacrifice""
Your #personality is ambitious person with a real sense of achievement. https://t.co/gcs0oYar9c"
298,"The current generation is being slow to obey the LORD thinking that  Rapture is a joke.

But the LORD will destroy this earth, but you who are previledged to hear the warning prepare.
Built your ark of righteousness now and be ready for the rapture
#RaptureIsNear"
299,"@LampyAnime ""That side of anitwit"" just by looking at your bio I can tell you're worse. You have the side of Storm which is probably a bunch of 20 yr old dudes, and then people like you who are probably 14 year old girls who live on this app and use tiktok regularly probably"
300,"âœ¨ New Year's Kiss

I'm preparing my best last year kiss and first of the next year Taesweeties_ ğŸ˜˜ğŸ’•
And you, who will you kiss at midnight?

â¡ï¸ https://t.co/t9Pe1xbqgc https://t.co/KWLXDWaaUl"
301,@abaatess I love you who do I need to fight (à¸‡'Ì€-'Ì)à¸‡
302,"@PowerUSAID @UN Where does ur AIDS going? #TPLFTerroristGroup is consuming the food you are sending them. How about the rest of Ethiopia eating. Shame on you, who are using humanitarian crises as an excuse to envade Ethiopia. Take a lesson from Libya and Afganistan!!"
303,@Gopgirl719 Same but itâ€™s people like you who I love â¤ï¸
304,"OK. If you want me to knock some sense into you, who am I to say no?"
305,"Ø§ÛŒ ØªÙˆ Ø¯ÙˆØ§ Ùˆ Ú†Ø§Ø±Ù‡â€ŒØ§Ù… Ù†ÙˆØ± Ø¯Ù„ ØµØ¯Ù¾Ø§Ø±Ù‡â€ŒØ§Ù…
Ø§Ù†Ø¯Ø± Ø¯Ù„ Ø¨ÛŒÚ†Ø§Ø±Ù‡â€ŒØ§Ù… Ú†ÙˆÙ† ØºÛŒØ± ØªÙˆ Ø´Ø¯ Ù„Ø§ Ø¨ÛŒØ§

â€œO You who are my cure &amp; remedy,
The light of my broken heart,

In my heart, everything besides you is naught; come!â€

~Mawlana RÅ«mÄ«, in yearning for the Beloved RasÅ«l

(sallallÄhu â€˜alyhi wa sallam) https://t.co/u77lI9uHed"
306,@greyfang10 He showing you who the real main change ğŸ˜‚ğŸ˜‚ğŸ˜‚
307,"You can't force people to change. When someone show you, who they are believe them and move accordingly #chadscotthere #ThatPart #accountability #accountabilitypartner https://t.co/AtpPHWB6Ij"
308,@fearlesslykels aw thank you ğŸ¥º itâ€™s an emotional but rewarding path to go down. iâ€™m so glad there are people out there like you who are passionate about it too!!
309,@sugarrosies @allkpop Just like you who read and waste your time commenting
310,"@benjaminpacini @th3m1lesm0rales @AlejandroDeGr8 Then don't criticize or condemn the lions around you, who are also working hard to protect you, who are willing to get in the mud and grime and filth of combat to keep the lambs safer."
311,"@fordnation You already dropped the ball several times throughout the Pandemic and you, who does not live in a glass house, should be the one held accountable for the deaths you causedâ€¦ We will be watching you!"
312,"âœ¨ New Year's Kiss

I'm preparing my best last year kiss and first of the next year lvtodrew ğŸ˜˜ğŸ’•
And you, who will you kiss at midnight?

â¡ï¸ https://t.co/bx53yQjsNh https://t.co/y7ChdJTf9g"
313,"if you hate what i like itâ€™s not me who has to change,itâ€™s you who should stay away from me and keep your opinions for yourself 
thank you for understanding and get out of my sight"
314,"@SmuglyPercy ""Which, I'm guessing will also be a clue to you who I am."""
315,"@Phoenix_Timber @WhatPolitics @tradatheist @CTVNews Says you who knows nothing about treatment of low O2! Like you said you are not a Doctor! Your medical knowledge is severely lacking. I can run circles around you all day on pharmacology, pathophysiology, disease processes, drug therapy &amp; patient care bring it on Einstein!"
316,"@Max_Pete @stefanpalios @mattlady @discolearn Yes totally agree. Sounds exciting, but imagine 3-5 years later - lifetime community access for students could mean people expecting time/value from you who havenâ€™t paid you a dime in years. Fundamentally unsustainable IMO."
317,"@jenhab How is this news???
""When a person shows you who they are, believe them....the 1st time.""
We know exactly who @SenSusanCollins is. 
And who she is not.

Vote accordingly."
318,"I ask you, who doesn't have at least one Boo feeling?

Hell, I can feel three within one hour.

Which Boo are you feeling? I'm a 6 right now. https://t.co/VQDG4U3pVi"
319,"It is you who light my lamp; the Lord, my God, lights up my darkness.
Bible - Psalm 18:28"
320,@SatNSeltzersPod If a movie was to be made about you who would you pick to play each of you?
321,"Just seeing all of this now &amp; honestly the tears I've got hearing him trying to hold himself together with his speech. 
WE DO LOVE YOU &amp; BELIEVE YOU,always. 
Thank you who ever said that?
""I believe me too"" what a perfect response. https://t.co/sYs6HTsipO"
322,"â€œWhen someone shows you who they are, believe them the first timeâ€ (Attributed to Maya Angelou). #Brett #Collins #Kavanaugh #Law #Maine #Roe #Settled #Susan #Wade     https://t.co/YEF0hiOfnx"
323,"@readingtherunes Oh wretched man that I am.  Even prophets feel that way from time to time. 

Remember, if Christ will forgive you, who are you to say otherwise?"
324,@Kinggod23 I'm getting the impression that you're learning about these events as I talk to you and implore you who actually look into the issue with the benefit of the doubt instead of postulating and changing your points based off of information I provide that can easily be wrong.
325,@Rainbowtron360 Oh absolutely. No one should be telling you who you are.
326,"âœ¨ New Year's Kiss

I'm preparing my best last year kiss and first of the next year akumalinoone ğŸ˜˜ğŸ’•
And you, who will you kiss at midnight?

â¡ï¸ https://t.co/ONFJzzOmhG https://t.co/WazSDbBcjO"
327,@RCFOX4KC Oh. Then by all means throw water on people below who have bought a ticket? Unlike you who was GIVEN a suite?
328,"@rsesaint WinNing The Hallucination Quest

#OurSavageNingning #OurSavageWinter #aespa 
#Savage @aespa_official"
329,"When @SenatorCollins shows you who she is, it isnt pretty but believe her https://t.co/vd8hJ5Er6O"
330,"@berndj @OpportunityZoo @RefilWest @Our_DA @CityofCT Well congrats to you, who cares I certaintly dont care what you believe. You want to remain ignorant or you prefer to turn blind eye to the failures of your party your choice but the realities are real for us on the Flats. https://t.co/hVCw6zZ6LQ"
331,@davechensky Iâ€™m assuming itâ€™s not you who featured in the new #WHATIF â€¦?? Just another Dave Chen
332,@suya3_alex @Kay_mannequin You who?
333,"Getting your #COVID19 vaccine isnâ€™t just about keeping you healthy; itâ€™s also about protecting everyone around you who could become very sick from COVID-19. â 
â 
Get your vaccine: https://t.co/Jl3mSU5hBv  https://t.co/Mn5DR4FYwL"
334,"@clapifyoulikeme Advocate I think. The really scary thing was that this was a printout that said the bar in bar association stood for British accreditation registry, and if you  wanted to protect your rights you had to have someone represent you who was not admitted to the bar"
335,@ksorbs the enemy of the people are false Christians like you who spread nothing but hate and falsehoods I thought god and Jesus taught about love and compassion looks like you and yours skipped those verses https://t.co/w2vGnJNq2F
336,having someone proud of you WHO TELLS YOU they're proud of you is better than drugs
337,"âœ¨ New Year's Kiss

I'm preparing my best last year kiss and first of the next year kylebcmp ğŸ˜˜ğŸ’•
And you, who will you kiss at midnight?

â¡ï¸ https://t.co/HFvqDqoSQn https://t.co/EJh9E2mKOV"
338,Cause itâ€™s you who I want
339,"@PaulMartino79 @MikeKBerg Guns won't kill out of their own. It's you who's the killer.

It's a tool, so is a hammer and a hammer can kill you to.

Never seen a gun getting up and kill someone.

Always a human."
340,@ksorbs No. People like you who would rather promote easily disproven nonsense that confirms and uphold your biases and prejudices are the enemy of the people.
341,"United fans for you who else do we blame ğŸ˜‡.. 

They have to pour their frustration on Martial https://t.co/1XA9O0wpGI"
342,"Be with someone who wonâ€™t stay mad at you, who canâ€™t stand not talking to you, and whoâ€™s afraid of losing you."
343,@Robkanecomedian It is people like you who restore my faith in humanity. x
344,"Pause you who read this, and think for a moment of the long chain of iron or gold, of thorns or flowers, that never would have bound you, but for the formation of the first link on one memorable day.

Great Expectations - Charles Dickens 1861"
345,"âœ¨ Stolen Kiss

jogasuapotranca would kiss you around the corner... ğŸ˜
And you, who would do it?

â¡ï¸ https://t.co/wfNCKQHOZI https://t.co/NC6PonOjid"
346,"@HughMunro15 @johnsharr69 @PaulEmbery It seems like that to you who lived in an anecdotal experience, and I can forgive you for that, but it is historical economic reality that will be remembered."
347,"she be showin you who she is, you in denial, still guessing"
348,@HapChap76 Says you who has Cloud!! ğŸ‘‘
349,"@Wessex_Gent @loicl @Andy_J_Crawford @kitty_donaldson @ElizLanders As i said itâ€™s diesel-electricâ€¦ the electric part is almost silent, unlike doughballs like you who embarrass themselves"
350,"@justinjm1 So instead of the inevitable comparison, I'll just say this:

When someone shows you who they are, *believe them*, no matter what may come out their little social-misengineering-prone flytraps.

And I do believe they showed us who they are in 2004:

https://t.co/ArCQodaO39

2/2"
351,"Privacy will help you stay focused and advance in life. 

There are people around you who donâ€™t want you to succeed. 

Keep some secrets from you. It will save you from troubles."
352,@Just_ThembiD Lol the worst. Especially for you who doesnâ€™t eat ğŸ‘€
353,@laurenboebert Not all people are miserable mean girls like you who never grew up!
354,"@annavrmac @RepAdamSchiff so they can continue to pull the wool over the sheeple eyes. The pedophiles ARE REAL, IT HAS NEVER BEEN DEBUNKED OTHER THEN SAYING IT IS. THEY OFFER ""SOURCES"" AS THE ""FACTS"" YET WONT TELL YOU WHO THAT IS... so, no.. it's NOT been proven to be a lie"
355,@Nona78904622 @GovKathyHochul @HealthNYGov Clearly u r brainwashed by right wingers. U think COVID is a joke.Letâ€™s see how things turn out for irresponsible selfish people like you who donâ€™t get vaxxed. I guess the people who didnâ€™t get vaxxed&amp;begged for it as they were put on ventilators realized to late it is not a joke
356,"@UltimateAnimatr ""Eh. Whatevs. If people wanna vote for a murderer that's fine! Just shows you who has morals~!"" https://t.co/wDyvBGasvE"
357,"â€œYeah . . I was definitely quite over dramatic

â€˜Hmph. So it's Fiona Jarnefeldt. What right have you to speak? You who brought down Anatolia!â€™

We really werenâ€™t that different. They only gave me the chance to shed the name Otsdarva, that I can thank them for.â€ https://t.co/pN2NpFnwrr"
358,"âœ¨ New Year's Kiss

I'm preparing my best last year kiss and first of the next year javrawr ğŸ˜˜ğŸ’•
And you, who will you kiss at midnight?

â¡ï¸ https://t.co/U7raPwfn3C https://t.co/1bOKoN4k10"
359,being on the (almost) same time zone as bts is mad stressful bless you who did this before
360,"@MollyJongFast Dear Maine Democrats,
You should have pushed for an election audit in 2020.
When someone tells you who they are, believe them."
361,"@aespa_ww @aespa_official WinNing The Hallucination Quest

#OurSavageNingning #OurSavageWinter #aespa 
#Savage @aespa_official"
362,@Lclimateguy Also latest foliage report shows leaves 2 weeks behind..unlike you who knows nothing about leaves....low color change happens about 30 to 35 days before peak hits...aka this week should of started low color change yet we are as green as mid July. Leaves to be 2 weeks late.
363,"âœ¨ New Year's Kiss

I'm preparing my best last year kiss and first of the next year Kurigamesalot ğŸ˜˜ğŸ’•
And you, who will you kiss at midnight?

â¡ï¸ https://t.co/C5TDxvZZr2 https://t.co/ESE7oCdEYh"
364,"Convince yourself that you have the power to be all what you wish to be. It is YOU who could generate in you a huge power of motivation to push you forward and ignite you to think and to do.
â€”Unknown"
365,"The feelings that we shared
As they piled up one by one, we were happy
You, who isn't with me anymore"
366,"@vitamin_sie Chin up, I'm sure there's someone for you who'll come along.
Meanwhile, I've nothing better to do so I can donate some time if/whenever you want it."
367,@AngelAlexia5 @Tee_Unusual @Baron_Bintu I get suprised by some of you ...I swear ğŸ¤£...it's the way you defend and create an  agenda on top of words that came out loud and clear from someone's mouth as if you are deaf.. Omo you people should stop this nonsense cos it's you who is looking stupid and not your fave.. âœŒï¸
368,"With wealth and fame you are the number one just on that specific time for everyone...

With someone you love, trust and cares for you who shares the same feeling you are the number one without fame, wealth and no questions ask you are the only one..."
369,"@MollyJongFast ""When someone shows you who they are, believe them the first time."""
370,"@NiiLomotey2 Why won't he be the best midfielder in a team with Matuidi and Bentacur in their midfield ğŸ¤£ğŸ¤£.
He came to Barca and even you who love him so much wants him to be a sub. AhhbağŸ¤¦â€â™‚ï¸ğŸ¤£ğŸ¤£"
371,"âœ¨ Stolen Kiss

nhxcurly would kiss you around the corner... ğŸ˜
And you, who would do it?

â¡ï¸ https://t.co/oZVnKXiGH6 https://t.co/5WA6pO9S7z"
372,"@Vengabus @THINKER_INDIAN_ @JigarSh1974 @raajoos68 @mnpdpk @ShivAroor That's rich coming from you who is joining a argument that was nothing but""STFU"" from one side.
Learn to criticise yourself and your ideas before you come to play with me."
373,"âœ¨ New Year's Kiss

I'm preparing my best last year kiss and first of the next year louidarling ğŸ˜˜ğŸ’•
And you, who will you kiss at midnight?

â¡ï¸ https://t.co/7xJxoO5y0v https://t.co/PHYkpNR8lp"
374,"âœ¨ New Year's Kiss

I'm preparing my best last year kiss and first of the next year junecomoelmes ğŸ˜˜ğŸ’•
And you, who will you kiss at midnight?

â¡ï¸ https://t.co/iev1G0cQPi https://t.co/eQvxkdiHYy"
375,"@rosegawd @Bey_Legion @Creat1ve Julius Jones was just given a execution date of Nov 18th despite the Pardon &amp; Parole Board recommending his sentence be commuted. If this tweet has reached you who live in the US, help save Julius's life by contacting Governor Stitt at: https://t.co/PlLQtTEEAk 
#JusticeForJulius"
376,@AnastasiaFennec @ModernMemefare @ChessyBinks @ohmobius it's you who's supporting abuse and gave actual evidence of who's actually been abusive in the past and it wasn't depp.. no go live in your little fantasy.. off you go
377,You know youâ€™ve reached that age when your brother asks you who you ship in the owl house
378,@KenneyNL I think itâ€™s actually you who supports all of us.
379,I just told you who tf I thought I was: A GOD! https://t.co/jE3b7sw2kD
380,"@caprijeongie WinNing The Hallucination Quest

#OurSavageNingning #OurSavageWinter #aespa 
#Savage @aespa_official"
381,"@aespalovv WinNing The Hallucination Quest

#OurSavageNingning #OurSavageWinter #aespa 
#Savage @aespa_official"
382,"@SenTedCruz Cut the crap. Because of politicians like you, who keep fueling this â€œmy freedom, my rightsâ€ BS, itâ€™s the reason why we canâ€™t get our lives back. Everyone as a community is affected, not just the individual. Please stop. https://t.co/0qk4exmMsq"
383,"@winteraphy WinNing The Hallucination Quest

#OurSavageNingning #OurSavageWinter #aespa 
#Savage @aespa_official"
384,"As the saying goes WHEN SOMONE SHOWS YOU WHO THEY AREâ€¦she knew his aggressive, controlling, violent nature but chose to keep dating this lunatic. It wouldnâ€™t end well, it never does. When someone behaves in this manner the first time RUN FOR THE HILLS! https://t.co/XYP1Y2AHK7"
385,"@jenjenleena WinNing The Hallucination Quest

#OurSavageNingning #OurSavageWinter #aespa 
#Savage @aespa_official"
386,"@dahyunniverse WinNing The Hallucination Quest

#OurSavageNingning #OurSavageWinter #aespa 
#Savage @aespa_official"
387,"@byutipulwinter WinNing The Hallucination Quest

#OurSavageNingning #OurSavageWinter #aespa 
#Savage @aespa_official"
388,@MattWalshBlog Better yet just enjoy the freedom given to you and the protection so you can enjoy your vegan meals and watch your cnn and msnbc what is so pathetic is someone like you who doesnâ€™t put America first come to this country LEGAL!
389,"@minjeongstar WinNing The Hallucination Quest

#OurSavageNingning #OurSavageWinter #aespa 
#Savage @aespa_official"
390,"For those you who live by checklists, have you tried erasing things on the list instead of checking them off? I swear it's more satisfying to erase the task and see blank space on my list over time versus crossing things off/checking things off."
391,"@peachyaeriii WinNing The Hallucination Quest

#OurSavageNingning #OurSavageWinter #aespa 
#Savage @aespa_official"
392,"@yujiaespa WinNing The Hallucination Quest

#OurSavageNingning #OurSavageWinter #aespa 
#Savage @aespa_official"
393,"@kimminjeongssi WinNing The Hallucination Quest

#OurSavageNingning #OurSavageWinter #aespa 
#Savage @aespa_official"
394,"@ningddongie WinNing The Hallucination Quest

#OurSavageNingning #OurSavageWinter #aespa 
#Savage @aespa_official"
395,"@aespafan_ind WinNing The Hallucination Quest

#OurSavageNingning #OurSavageWinter #aespa 
#Savage @aespa_official"
396,"@faeryrening WinNing The Hallucination Quest

#OurSavageNingning #OurSavageWinter #aespa 
#Savage @aespa_official"
397,"(Compared to you, who once said you were â€œso sorryâ€ for meâ€¦ I mustâ€™ve looked a shameful idiot, like Don Quixote picking fights with windmills.)"
398,"@gslleaeri WinNing The Hallucination Quest

#OurSavageNingning #OurSavageWinter #aespa 
#Savage @aespa_official"
399,"@fruitywinrina WinNing The Hallucination Quest

#OurSavageNingning #OurSavageWinter #aespa 
#Savage @aespa_official"
400,"@yjmxlsroom WinNing The Hallucination Quest

#OurSavageNingning #OurSavageWinter #aespa 
#Savage @aespa_official"
401,"@Straw2304 WinNing The Hallucination Quest

#OurSavageNingning #OurSavageWinter #aespa 
#Savage @aespa_official"
402,@alanshaw66 @PeterAr98015846 @___Q__ @MarkHowsham @1885_est The problem is people like you who only see one side of the story and assumed it was correct.
403,"@annavrmac @RepAdamSchiff So where do you ""fact check"" your FACTS?? What is your source?? Do not lecture me on checking FACTS or being wrong about this. It is YOU who is in denial, NOT me. Please, tell me who your getting this notion that there's no voter fraud from, I'd love to know"
404,"@MichaelF141 Dc is fine the problem is people like you who think they are fans of Dc but are fans of a director, look at a fucking Pace Maker comic and you will see that he is like that even in the comics, Oh wait he does not have the Snayder brand then no bill"
405,"@MollyJongFast When someone tells you who they are, believe them!  She told us who she was when she voted for Kavanaugh and against impeachment."
406,"@Geruish @doobydoobydofu @CasperBryson @EdwynOdeny @BBCPolitics @iainjwatson @simonmaginn @Desuetudine @HavetStorm @JewSoc @Lisatrainer10 @ItCorbyn @childofeternity @k1482 @LadyBrainSueMcC Evil? No. It's you who are ludicrous and dishonest. You are refusing to face facts in order to try to score cheap political points, and it's pathetic."
407,"âœ¨ New Year's Kiss

I'm preparing my best last year kiss and first of the next year iillvuNini ğŸ˜˜ğŸ’•
And you, who will you kiss at midnight?

â¡ï¸ https://t.co/lH6gAmoJZ8 https://t.co/inmnBPoiG2"
408,So now Michaela canâ€™t believe that Jared is an exer. Girl believe IT! He has shown you who he is! Remember Lourdes?ğŸ™‚ğŸ™„
409,To you who never love me à¸«à¸¥à¸­à¸à¹ƒà¸Šà¹‰à¸™à¸²à¸‡à¹€à¸­à¸ à¸„à¸³à¸à¸¹à¸”à¸—à¸³à¸£à¹‰à¸²à¸¢à¸ˆà¸´à¸•à¹ƒà¸ˆ
410,"New tattoo - NEVER FORGET YOUR STRUGGLES 
Your struggles make you who you are !! https://t.co/9yJrCuMb3B"
411,idk even wishing death on someone is different than actively encouraging suicide. it's just a horrible rotten look and hurts the people around you who struggle with suicidal ideation and even attempts. if you care about that at all you need to lay the fuck off
412,"ã…¤  â Youâ€™re walking around like you do. Assuming that Iâ€™m always following you â€” when I think itâ€™s you who wants to be near me.

Whatever I do is none of your business. If youâ€™re gonna be in my territory, at least show respect, brat. â

Sounds like thereâ€™s gonna be a fight! https://t.co/A20bczjvAr"
413,@OddsOnFPL It is more about â€˜careâ€™ now. If a certain Edi Cavani &amp; now Ronaldo cannot motivate you who you know are ahead of you then ğŸ˜
414,"âœ¨ New Year's Kiss

I'm preparing my best last year kiss and first of the next year bts_kooki23 ğŸ˜˜ğŸ’•
And you, who will you kiss at midnight?

â¡ï¸ https://t.co/Vh4ZwgTHYr https://t.co/qiRtoBbmoF"
415,"It's not the tough situations that make your day bad, but it's you who react harshly on it."
416,@GinaTandarich Also as a mom to a little girl who is also my whole world. I hope that if my girl ever finds herself in a similar situation there is someone like you who is there to help her ğŸ’•ğŸ’•ğŸ’•
417,"@bettyboob454 Just find it interesting.
I guess unless I'm perfect, and prove I support all 'just' causes out there, I shouldn't be advocating or asking anyone else to advocate.
At least that's the message.
'Let ye among you who hath not sinned cast the first stone' and all that. ğŸ˜”"
418,"Amos:5.18
 Woe to you who long for the day of the LORD! Why do you long for the day of the LORD? That day will be darkness, not light.
Amos:5.19
 It will be as though a man fled from a lion only to meet a bear, as though he entered his house and rested his hand on the wall only"
419,"âœ¨ New Year's Kiss

I'm preparing my best last year kiss and first of the next year Brygas3 ğŸ˜˜ğŸ’•
And you, who will you kiss at midnight?

â¡ï¸ https://t.co/IyZXN2GKfK https://t.co/yfeEA1pj3o"
420,@katieporteroc So thankful for people like you who are brave and smart enough to go head-to-head with them. ğŸŒŸ
421,"How beautiful my addiction to you
Only without these, everything is in your eyes
Your eyes are mine
Your hands are mine
I am by your side everywhere
You who laugh
My wish is summed up in the same instant
This is not my feeling of interest
Pure madness
#Jk_Heartwritter"
422,@theNewNicola Welcome to sobriety! We do this one day at a time! You are a member if you say you are. Listen to others just like you who have solved the drink problem.
423,"One of the most amazing feelings in the world is having someone fall in love with you who you thought you never had a chance with.

#HappyBirthdayRahulVaidya"
424,Itâ€™s you who I want
425,"âœ¨ New Year's Kiss

I'm preparing my best last year kiss and first of the next year r_2vii ğŸ˜˜ğŸ’•
And you, who will you kiss at midnight?

â¡ï¸ https://t.co/tl6IyDNoVI https://t.co/g7rD7M8WKD"
426,"@TamamoNoGucci //Yeah those are the worst, together with people blocking you who you have literally never talked with before.

Absolutely understandable. But I think that makes the people who stick with you even more important!"
427,"@Joylove_40 Allah ï·» prohibited alcohol in the Qur'an: ""O you who believe, indeed, khamr (alcohol), gambling, [sacrificing on] stone altars [to other than God], andÂ divining arrowsÂ are but defilement from the work of Satan; so avoid it that you may be successful."" Quran 5:90"
428,"@GrahamRoberts4 @11BryanGil @osvaldooardiles Heâ€™s looked good to me so far but coming from you who actually knows what heâ€™s talking about thatâ€™s high praise!
#coys"
429,"âœ¨ New Year's Kiss

I'm preparing my best last year kiss and first of the next year feeldalove168 ğŸ˜˜ğŸ’•
And you, who will you kiss at midnight?

â¡ï¸ https://t.co/6mjZOreKhj https://t.co/aLtq0GuIqg"
430,"@shillionaires @Wander_Token @ryn0srs @beefy_musk @CriptoGivesBack @CoinMarketCap @coingecko @PancakeSwap @BinanceChain @TWPicker Done and thnx for opportunity... Never seen a person like you.. who is constantly giving back to community.. Appreciate it!!âœ…ğŸ™‚

0x57eB27c1100c13Ad7c0AdA98053FBC6288Bb6068"
431,@marygarden Should your hairdresser be taking a risk with you? Unvaccinated and without symptoms treating you who have those little viruses swimming through your hair follicles? Who is in danger?
432,@B52Malmet we will get to the other side when the fake media stops lying and people like you who keep praising Biden. If it wasnâ€™t for Trump you wouldnâ€™t have a vaccine. The man cannot even take a question what a disgrace to America
433,Why are you who you choose to be https://t.co/BN4qDJ1uT7
434,"White Supremacy at its worst. As usual white people being ignorant bullies, and missing her point which is â€œtrueâ€. You, who are dissing Joy Ann Reid are the racist and just plain mean. https://t.co/7oNOW0JNOe"
435,"@MollyJongFast When someone SHOWS you who they are, believe them, never mind what they say. @SenSusanCollins is the textbook example."
436,"We've got fun new stickers for you! Who needs to gussy up their water bottles and Trapper Keepers? ğŸ˜Š

#lisaforboise #latinasinpolitics https://t.co/aWKEKZjMzt"
437,Now let me know who are you who decided to trace my art?
438,"if your own people never support you, who do you expect will?"
439,"âœ¨ Stolen Kiss

dropwtf would kiss you around the corner... ğŸ˜
And you, who would do it?

â¡ï¸ https://t.co/x6QyUCvgvm https://t.co/LdHUxLqijV"
440,"Worship in awe and wonder, all you whoâ€™ve been made holy!

For all who trust him will feast with plenty.

Ps 34:9"
441,"âœ¨ Stolen Kiss

XofiaGK would kiss you around the corner... ğŸ˜
And you, who would do it?

â¡ï¸ https://t.co/4oDiAotzx8 https://t.co/vUm4bxuNJr"
442,@cryptonomica no it's you who's cute!!
443,@David0HH7 @marygarden @Monocotyledon @mumbletwits With friends like you who needs enemies?
444,"@Jim_Jordan Jim, Jim, Jim are you crying fowl? Are those crocodile tears or â€œcry baby tearsâ€? After all itâ€™s you who shown Democrats how to deflect blame?  Howâ€™s ignoring sex abuse complaints going?  Must be their fault â€¦"
445,"âœ¨ New Year's Kiss

I'm preparing my best last year kiss and first of the next year yourhomiefrog ğŸ˜˜ğŸ’•
And you, who will you kiss at midnight?

â¡ï¸ https://t.co/nT2MTiWfKa https://t.co/poYHFMrGQe"
446,"âœ¨ New Year's Kiss

I'm preparing my best last year kiss and first of the next year nanvv_ ğŸ˜˜ğŸ’•
And you, who will you kiss at midnight?

â¡ï¸ https://t.co/Iv6m1wktET https://t.co/cEYfiu8efP"
447,"Someone like you, who was born into power, wouldn't know the joy of finally obtaining it."
448,@Mr_GBM And I will wear that badge proudly! Must I remind you who started getting back into Bloodborne hmmm https://t.co/WzkjUiAqX9
449,"I donâ€™t know what your destiny will be, but one thing I know: The only ones among you who will be truly happy are those who have sought and found how to serve.
#HappyBirthdayRahulVaidya"
450,"âœ¨ New Year's Kiss

I'm preparing my best last year kiss and first of the next year BrentonLipford ğŸ˜˜ğŸ’•
And you, who will you kiss at midnight?

â¡ï¸ https://t.co/VIIoXBkit9 https://t.co/THJQiOxU7L"
451,@SodyHalliday An assertive man will not back down for clowns like you who can differentiate assumptions. Epitome ASSERTIVE. As you wereğŸ™…ğŸ¼â€â™‚ï¸
452,"âœ¨ New Year's Kiss

I'm preparing my best last year kiss and first of the next year ruggebb ğŸ˜˜ğŸ’•
And you, who will you kiss at midnight?

â¡ï¸ https://t.co/mZEkNx1Tjd https://t.co/R813VbB3LK"
453,@newkindalazy A lot of people for a lot of different reasons. My mom because I hope to be an incredible mom like her one day. My best friend because sheâ€™s living her best life and inspires me to strive to live mine too. And people like you who inspire me to do what I love and be happy ğŸ˜Š
454,It be the closest people to you who do you dirty..
455,"âœ¨ New Year's Kiss

I'm preparing my best last year kiss and first of the next year BloomingShield ğŸ˜˜ğŸ’•
And you, who will you kiss at midnight?

â¡ï¸ https://t.co/60L8hfpjFm https://t.co/zFBqkcUc65"
456,@sonaaja22 @sense_royal @GlblCtznUK @BBCOne And they apologize cause i appeal and they realize i wasnt bullying youğŸ¤·ğŸ¾â€â™€ï¸ unlike you who is bullying and harassing Meghan ğŸ¤·ğŸ¾â€â™€ï¸
457,@VABVOX When someone shows you who they are......
458,"âœ¨ New Year's Kiss

I'm preparing my best last year kiss and first of the next year GreeneyedCatG ğŸ˜˜ğŸ’•
And you, who will you kiss at midnight?

â¡ï¸ https://t.co/Lh8CklTdK1 https://t.co/oZV2CSsnkV"
459,"With this whole vaccine thing ,
You are finding out about people you know ,but more importantly you're finding out about the real you ! 
Are you who you thought you were ?
#antivaxxers #sunshine"
460,"""Be strong, and let your heart take courage, 
all you who wait for The LORD!"" - Psalm 31:24"
461,"âœ¨ Stolen Kiss

dukesevastos would kiss you around the corner... ğŸ˜
And you, who would do it?

â¡ï¸ https://t.co/LRyODgesa4 https://t.co/qrWJyRcRvb"
462,"@birlios Ok but this is literally me @ you, who is incredibly accomplished ğŸ¤” so weâ€™ve come full circle"
463,@Freedom21122112 @citizen_working @samanthamarika1 NO people like you who are blind and can't see how evil the left is are bizarre. YEAH politicians care about people.  Sure they do. Wake up already
464,"@begottensun Nothing is for free cde
Zim prices are ridiculous for a reason
In the initial prices its you who is also paying for transport 
People are not stupid out there"
465,"@AnnieRYou0kay I agree with you! Who, Paid to ship Haitians to the border ???GOP feels like!"
466,"âœ¨ Stolen Kiss

amagicmantv would kiss you around the corner... ğŸ˜
And you, who would do it?

â¡ï¸ https://t.co/bsCsbr54uM https://t.co/NPc07n83kL"
467,"@JusTierra i done told you who to go to for the information about it all. get it straight from the horses mouth, gahdamn."
468,FUCK ALL OF YOU WHO LEAVE YOUR GROCERY CARTS OUT IN THE PARKING LOT.
469,"As opposed to you who is just a fool, lacking any virtue. https://t.co/F5JMBPlUqI"
470,@klendool @ZimenaJ @Jubes11 @nzpolice I asked for an alternative right at the beginning of this comment thread. It is YOU who is taking a binary approach to this by stating the police should just stop doing something that they do for health and safety reasons. If you have another option than this put it forward.
471,"THANK YOU @Kurz_Gesagt for this amazing video!

https://t.co/xutFdRpuXW

Check it out! It is about YOU! Yes, YOU who is reading this line right now!

ğŸŒğŸ’š"
472,Yeah. The racist moron said the CBP doing their jobs is like slavery. So you who 'love' that idiot can all GFY. https://t.co/jZwMAfxbie
473,"@AndyJC75 @johnredwood ""bad losers""?
Last time I checked (today, while grocery shopping) I didn't notice any food shortages in my EU.
How can people like you, who lied to the people of your own country, even sleep at night?"
474,"@RifatJawaid Wake up and Smell the coffee.. Just check the SANGHI TWEETER from past two years.. He was popular even then in India, its you who NEVER NOTICED it BEFORE.."
475,"Actually, weâ€™re fed up with Apocalyptically Selfish Sociopaths like you who think you have the right to kill yourself and take our children and us with you.

Stronger #VaccineMandate now!!! https://t.co/UhBg2XGYhB"
476,"âœ¨ New Year's Kiss

I'm preparing my best last year kiss and first of the next year iFLHST91 ğŸ˜˜ğŸ’•
And you, who will you kiss at midnight?

â¡ï¸ https://t.co/kMe7DGee4v https://t.co/vL26EckMrA"
477,@dittle_ i cant even eat it and i agree with you who the fuck puts the milk first
478,"@pmk1967 @GeorgeFoulkes @LesleyRiddoch @NicolaSturgeon @ScotGovFM @HumzaYousaf No.
Didn't I only initially talk about ""popular vote"" percentages.
Wasn't it you who raised ""majorities"".
I am STILL waiting your explanation for 37% of popular vote being ok for Cameron to hold EURef, but 47% of pop vote AND MAJORITY pro-indy ScotGovt is not enough for Indyref2?"
479,@makaumutua @PaulKagame @BushFdn @HillaryClinton @POTUS @DonCheadle @AUC_MoussaFaki @AUC_DPA I read the sad news earlier while my heart bled. But who contribute to such messes in Africa. It's educated but hypocritical people like you who are solely responsible. Only the other day UhuRaila tried to bring back dictatorship to Kenya with the blessing of the people like you.
480,I salute you who said no! Brave people!
481,"@SenatorCollins is a total fraud.  I canâ€™t believe the people of Maine fall for her shit every six years.  â€œWhen someone shows you who they are, believe them the first timeâ€. https://t.co/5ko11KE1pK"
482,"@EvanLSolomon watch Dr. Robert Malone inventor of mRNA on Jimmy Dore YouTube channel and quit being a propagandist. You have not researched mRNA vaccines, Dr. Malone has spent his life developing vaccines.  He tells you who should take these experimental drugs and who shouldnâ€™t."
483,Some drivers do it for safety and if itâ€™s really you whoâ€™s requesting. https://t.co/zOxZ3PxTi0
484,"After being injured in a hit and run accident, it can be intimidating to deal with the situation all on your own. If you don't know who hit you, who will cover your damages? Learn more in this article https://t.co/Dy4jamx4pu https://t.co/3Q2x00tzxQ"
485,@bonr4evr You who pulling up already ğŸ˜
486,"âœ¨ New Year's Kiss

I'm preparing my best last year kiss and first of the next year saknow_ ğŸ˜˜ğŸ’•
And you, who will you kiss at midnight?

â¡ï¸ https://t.co/ntCV8EarMT https://t.co/gf4q9ocxnC"
487,@SouthseaJane @SMSocialMedia20 @foxyRachelle @Madz_Grant Perhaps itâ€™s you who are misinformed
488,@JackDeeth So itâ€™s you who runs @RAF_Luton?
489,@LeaderMcConnell You need to step up an operate on a bipartisan bases. It was you who decided to be partisan.
490,"âœ¨ Stolen Kiss

iluvlf would kiss you around the corner... ğŸ˜
And you, who would do it?

â¡ï¸ https://t.co/iAJKN11lB2 https://t.co/eawk70Cbqt"
491,"âœ¨ New Year's Kiss

I'm preparing my best last year kiss and first of the next year nanvv_ ğŸ˜˜ğŸ’•
And you, who will you kiss at midnight?

â¡ï¸ https://t.co/rDuBUrMVkU https://t.co/rO8WYRAr2y"
492,"@PluralDaisy @MikeSington HEY YALL THE WHITE GIRL GOT BLACK FAMILY MEMBERS! Go visit a BLACK CIVIL RIGHT MUSEUM, EDUCATE YOURSELF BECAUSE ITS WOWEN LIKE YOU WHO GIVE OTHER WHITE WOMEN WHO UNDERSTAND HISTORY A BAD RAP! And yâ€™all wonder why we call yâ€™all Karenâ€™s!"
493,"@jarrodjcain @Joseph_Joe_M @RonFilipkowski No, actually it is not. There's a little thing called fact checking that has disproven your statement, which you got from any one of the normal bullshit rhetoric sites. 

I don't distrust them, I distrust you and people like you who post false information. 

Blocked."
494,@kaworuquote Please take care of yourself. And there are people who love you who can help you through hard times
495,"I just wanna dance with you
Let the whole world melt away
And dance with you
Who cares what other people say?
And when we're through
No one can convince us we were wrong
All it takes is you and me
And a song"
496,"@megynkelly At least she is a genuine journalist, not like you who would crawl back to FOXNews."
497,"@JoeyPenner96 @EARTH_616_2013 Um...no?Just to show what a shitty person Wolverine is?(Ultimate Wolverine mind you,who had left Scott fall off a cliff and then told everybody that he had died so he could hook up with Jean."
498,@imageofnadeko Evil you who dont love Nadeko
499,"âœ¨ New Year's Kiss

I'm preparing my best last year kiss and first of the next year _mjkth ğŸ˜˜ğŸ’•
And you, who will you kiss at midnight?

â¡ï¸ https://t.co/8fJ00RLQvm https://t.co/kUUBfwBOH5"
500,"When someone shows you who they are,  believe them https://t.co/anYffoxY1s"
501,"@armylieber10 @ifyou_thing @happytaete @dieinjinsarms Plz he never said that he inspired by JB ğŸ˜‚
Plz I don't hate jb. 
It's you who just keep pushing your favorisum on tae. 
He clearly said that he just likes some of jb songs that it... 

Where's  the clip he said jb is his inspiration???"
502,"I still hate you, you who left me
My cold heart is still...
#MissingYou"
503,"@GirlRhode @GregAbbott_TX Abbott choose to fail to protect his citizens knowing they would die, so yes he is responsible. As my family of doctors &amp; nurses have been caring for the sick &amp; dying (and family doing it in Texas)-donâ€™t need people like you who tweet false information about vaccination &amp; COVID"
504,@NEWHeadteacher2 Great leaders feel like this regularly-itâ€™s good to have people around you who can help pick you up and remind you of all the fantastic things that you will be doing -every day ğŸ˜Š
505,Arise you who refuse to be slaves.
506,@francois_spies @andvdm @MaxduPreez Being here longer than me does not make you African. Maybe its you who must try harder to think before you speak. You are non African and Lastly am Still asking you that WHY are you still here in Africa if thats how you see us?
507,@JoeBiden If itâ€™s you who sell the weapons
508,"@SenatorSinema Would be a great day for the filibuster to fall, Senator. With Democrats like you who needs Republicans?"
509,"The fact is: there is a new person full of feeling for you who is coming to meet you; the other one will try at all costs to hinder you, physically or psychologically. Be wary!

You feel helpless and angry at the moment. Take your time to decide what to do.

Signs: Water / Air"
510,"@Livheartt Awww Liv!! Now itâ€™s you whoâ€™re making me cry ğŸ¥ºğŸ¥º babeeeee I still remember the first things I read from you and something told me I would want to stay by your side. Iâ€™m glad I did ğŸ¥ºğŸ’œ 
Thank you bb ğŸ’œ"
511,"@anthonymichaelp @CryptoSavy1 Because of the retail like you who bought at 64k, it'll never reach those levels again. The whales want you guys to bleed until the last drop then maybe it might pump to 100k. In the meantime, we'll be here enjoying the show..."
512,"âœ¨ New Year's Kiss

I'm preparing my best last year kiss and first of the next year yovamorillo07 ğŸ˜˜ğŸ’•
And you, who will you kiss at midnight?

â¡ï¸ https://t.co/3SSUv43Hqf https://t.co/8ZUxQjmCM1"
513,"@celestebarber_ @ScottMorrisonMP Rubbish, its' s people  like you who make things worse with your tweets and nonsense.   People are not waiting months for vaccination, my 12 year old got it a a week after it was made available for that age group. PM is in US for a reason not a holiday."
514,@1001cranes like I wouldn't be surprised if you see signs go up telling you who to call if you find that the building has shifted and your office is in a different place
515,"@danpaquette @piggylou73 @LeonydusJohnson ""You're right, it is too bad that so few people believe in freedom."" 
NOPE. It's great that there are only a few like you who want to disregard the laws that every nation regarding their borders."
516,Dedicated to you who gave your heart as home when we were found lost. Thank you ğŸ’œğŸ’œ
517,"""I respectfully do not care""
Say this to anyone who pass unfair judgement on something you strongly believe in or something that makes you who you are. People will inevitably judge you at some point and that's Okay."
518,"âœ¨ New Year's Kiss

I'm preparing my best last year kiss and first of the next year kxjlvli ğŸ˜˜ğŸ’•
And you, who will you kiss at midnight?

â¡ï¸ https://t.co/z9aGgSQH7l https://t.co/uZ2RUDeVC6"
519,"""When someone shows you who they are, believe them the first time"" - Maya Angelou

https://t.co/Lo8vHzw9Ui #ClimateCrisis #decarbonise"
520,"You, who's staring at me blankly in the mirror is not me"
521,"âœ¨ New Year's Kiss

I'm preparing my best last year kiss and first of the next year Manu_2723 ğŸ˜˜ğŸ’•
And you, who will you kiss at midnight?

â¡ï¸ https://t.co/5BF5a5Ivo4 https://t.co/y9ccwoU7Qw"
522,"âœ¨ New Year's Kiss

I'm preparing my best last year kiss and first of the next year lixiibf ğŸ˜˜ğŸ’•
And you, who will you kiss at midnight?

â¡ï¸ https://t.co/Dm80oSzOZK https://t.co/y0shqfdMeF"
523,@techgirl1908 Wow! There are peeps who look up to you who would have loved to find out more. The idea that their genuine questions could be â€œlazyâ€ is quite possibly a sad commentary. #BlackLivesMatter
524,"âœ¨ New Year's Kiss

I'm preparing my best last year kiss and first of the next year quanthyfoolish ğŸ˜˜ğŸ’•
And you, who will you kiss at midnight?

â¡ï¸ https://t.co/ZWDNE6CI9p https://t.co/01zw29iuDj"
525,"âœ¨ New Year's Kiss

I'm preparing my best last year kiss and first of the next year zoz_kai ğŸ˜˜ğŸ’•
And you, who will you kiss at midnight?

â¡ï¸ https://t.co/PZLwK3ELVp https://t.co/e9NjWJJbCG"
526,"âœ¨ New Year's Kiss

I'm preparing my best last year kiss and first of the next year sluttyneko72 ğŸ˜˜ğŸ’•
And you, who will you kiss at midnight?

â¡ï¸ https://t.co/aoxxvjIvCl https://t.co/Z1VDfU5ouy"
527,"âœ¨ Stolen Kiss

bitchy_houndz would kiss you around the corner... ğŸ˜
And you, who would do it?

â¡ï¸ https://t.co/vuVEMvOFXf https://t.co/bHYSg7w8Ej"
528,"@MattJ_Morrison @SorryAmigos @NFL_DovKleiman Peeps like you who have nothing to offer, just come in, do some emo laugh, and leave... https://t.co/xrPu2HPE6F"
529,@toohalalfor_you Who is aiza?
530,"âœ¨ New Year's Kiss

I'm preparing my best last year kiss and first of the next year gullille ğŸ˜˜ğŸ’•
And you, who will you kiss at midnight?

â¡ï¸ https://t.co/M7IPpnX0KD https://t.co/YLe5GWcFUS"
531,@MaggieMobrules @duchess_salty Anyone who disputes what you who have said has not been raised correctly.
532,"âœ¨ New Year's Kiss

I'm preparing my best last year kiss and first of the next year zoz_kai ğŸ˜˜ğŸ’•
And you, who will you kiss at midnight?

â¡ï¸ https://t.co/PZLwK3ELVp https://t.co/E0KB80woFs"
533,"@nigrugthug @Tzcttwit @BBCNewsnight @RepBrendanBoyle @maitlis @lewis_goodall It's an alliance to deliver submarines in 25 years, which has nothing to do with Brexit...  

With regard to the vaccines - I don't know whether to feel sad for people like you who believe any bs they are fed because they are so gullible - or that you are just wilfully ignorant.. https://t.co/ex2i3bKwUa"
534,@mikepompeo It find it very disingenuous of people like you who saw nothing wrong with the Trump administration in the last 4 years but you take issue with Pres Biden on every possible thing. Think Country Not Politics!!!
535,"@LynnSharig8 This is my deepest heartache too. I'm thankful for people like you who understand the value of living the truth, not just spewing it."
536,@VassalloMaison @DejeanEndoMD @catearthjustice @supermormongirl No. I'm not even excusing people like you who have an inflated view of their ability to make moral judgments about others.
537,"'It was you, Advertising. It was you who finally brought me to my knees....Breakdowns are real, so why arenâ€™t we investing in maintenance? What is ignoring mental health in business really costing us?
The answer is: everything.' @AmyMiranda @lunch_inc https://t.co/iWXEpcr8oT"
538,"@zachkruse2 Also speaks to the benefits of introducing rookies to an otherwise cohesive line. Maximizes potential and shows you who probably isn't going to make it pretty quickly. They've almost never done a full teardown, which is crucial.

This is also why I'm hopeful for Stokes."
539,"âœ¨ Stolen Kiss

19jkoo would kiss you around the corner... ğŸ˜
And you, who would do it?

â¡ï¸ https://t.co/j8QS3l4atU https://t.co/rSI9bqBGnJ"
540,"No hate sadder than that of furious love. I understood that there is no worse enemy than the small brother enemy, I cannot want to kill you who are my own raving twin, the bearer of bitterness."
541,"I just love when someone you've never met, never talked to, tells you who YOU are, from behind a screen... ğŸ¤£ğŸ¤¦â€â™‚ï¸âœŒ"
542,@AWojnarowski1 @ESPNCFB @OleMissFB @WVUfootball @ShellStationsUS My assumption seems to match the poll consensus. Maybe itâ€™s you who donâ€™t know much?
543,JAMESSS HOW COULD YOU!? Who else watches #thecircle??? Bc James just ruined the whole game for my people ugh. Iâ€™m so irritated.
544,"@mac_ausalain Thank you. That truly means so much. It is always less difficult going through things when you do not feel so alone. I am so very thankful for others like you, who understand OCD and the pain it can cause. Sharing in and working through these things together is so very important."
